gName,gpID,NomCircuit,gDate,gLaps,gRank,url_GP
British Grand Prix,1,Silverstone Circuit,1950-05-13 00:00:00,70,1,https://en.wikipedia.org/wiki/1950_British_Grand_Prix
Monaco Grand Prix,2,Circuit de Monaco,1950-05-21 00:00:00,100,2,https://en.wikipedia.org/wiki/1950_Monaco_Grand_Prix
Indianapolis 500,3,Indianapolis Motor Speedway,1950-05-30 00:00:00,138,3,https://en.wikipedia.org/wiki/1950_Indianapolis_500
Swiss Grand Prix,4,Circuit Bremgarten,1950-06-04 00:00:00,42,4,https://en.wikipedia.org/wiki/1950_Swiss_Grand_Prix
Belgian Grand Prix,5,Circuit de Spa-Francorchamps,1950-06-18 00:00:00,35,5,https://en.wikipedia.org/wiki/1950_Belgian_Grand_Prix
French Grand Prix,6,Reims-Gueux,1950-07-02 00:00:00,64,6,https://en.wikipedia.org/wiki/1950_French_Grand_Prix
Italian Grand Prix,7,Autodromo Nazionale di Monza,1950-09-03 00:00:00,80,7,https://en.wikipedia.org/wiki/1950_Italian_Grand_Prix
Swiss Grand Prix,8,Circuit Bremgarten,1951-05-27 00:00:00,42,1,https://en.wikipedia.org/wiki/1951_Swiss_Grand_Prix
Indianapolis 500,9,Indianapolis Motor Speedway,1951-05-30 00:00:00,200,2,https://en.wikipedia.org/wiki/1951_Indianapolis_500
Belgian Grand Prix,10,Circuit de Spa-Francorchamps,1951-06-17 00:00:00,36,3,https://en.wikipedia.org/wiki/1951_Belgian_Grand_Prix
French Grand Prix,11,Reims-Gueux,1951-07-01 00:00:00,77,4,https://en.wikipedia.org/wiki/1951_French_Grand_Prix
British Grand Prix,12,Silverstone Circuit,1951-07-14 00:00:00,90,5,https://en.wikipedia.org/wiki/1951_British_Grand_Prix
German Grand Prix,13,Nürburgring,1951-07-29 00:00:00,20,6,https://en.wikipedia.org/wiki/1951_German_Grand_Prix
Italian Grand Prix,14,Autodromo Nazionale di Monza,1951-09-16 00:00:00,80,7,https://en.wikipedia.org/wiki/1951_Italian_Grand_Prix
Spanish Grand Prix,15,Circuit de Pedralbes,1951-10-28 00:00:00,70,8,https://en.wikipedia.org/wiki/1951_Spanish_Grand_Prix
Swiss Grand Prix,16,Circuit Bremgarten,1952-05-18 00:00:00,62,1,https://en.wikipedia.org/wiki/1952_Swiss_Grand_Prix
Indianapolis 500,17,Indianapolis Motor Speedway,1952-05-30 00:00:00,200,2,https://en.wikipedia.org/wiki/1952_Indianapolis_500
Belgian Grand Prix,18,Circuit de Spa-Francorchamps,1952-06-22 00:00:00,36,3,https://en.wikipedia.org/wiki/1952_Belgian_Grand_Prix
French Grand Prix,19,Rouen-Les-Essarts,1952-07-06 00:00:00,77,4,https://en.wikipedia.org/wiki/1952_French_Grand_Prix
British Grand Prix,20,Silverstone Circuit,1952-07-19 00:00:00,85,5,https://en.wikipedia.org/wiki/1952_British_Grand_Prix
German Grand Prix,21,Nürburgring,1952-08-03 00:00:00,18,6,https://en.wikipedia.org/wiki/1952_German_Grand_Prix
Dutch Grand Prix,22,Circuit Park Zandvoort,1952-08-17 00:00:00,90,7,https://en.wikipedia.org/wiki/1952_Dutch_Grand_Prix
Italian Grand Prix,23,Autodromo Nazionale di Monza,1952-09-07 00:00:00,80,8,https://en.wikipedia.org/wiki/1952_Italian_Grand_Prix
Argentine Grand Prix,24,Autódromo Juan y Oscar Gálvez,1953-01-18 00:00:00,97,1,https://en.wikipedia.org/wiki/1953_Argentine_Grand_Prix
Indianapolis 500,25,Indianapolis Motor Speedway,1953-05-30 00:00:00,200,2,https://en.wikipedia.org/wiki/1953_Indianapolis_500
Dutch Grand Prix,26,Circuit Park Zandvoort,1953-06-07 00:00:00,90,3,https://en.wikipedia.org/wiki/1953_Dutch_Grand_Prix
Belgian Grand Prix,27,Circuit de Spa-Francorchamps,1953-06-21 00:00:00,36,4,https://en.wikipedia.org/wiki/1953_Belgian_Grand_Prix
French Grand Prix,28,Reims-Gueux,1953-07-05 00:00:00,60,5,https://en.wikipedia.org/wiki/1953_French_Grand_Prix
British Grand Prix,29,Silverstone Circuit,1953-07-18 00:00:00,90,6,https://en.wikipedia.org/wiki/1953_British_Grand_Prix
German Grand Prix,30,Nürburgring,1953-08-02 00:00:00,18,7,https://en.wikipedia.org/wiki/1953_German_Grand_Prix
Swiss Grand Prix,31,Circuit Bremgarten,1953-08-23 00:00:00,65,8,https://en.wikipedia.org/wiki/1953_Swiss_Grand_Prix
Italian Grand Prix,32,Autodromo Nazionale di Monza,1953-09-13 00:00:00,80,9,https://en.wikipedia.org/wiki/1953_Italian_Grand_Prix
Argentine Grand Prix,33,Autódromo Juan y Oscar Gálvez,1954-01-17 00:00:00,87,1,https://en.wikipedia.org/wiki/1954_Argentine_Grand_Prix
Indianapolis 500,34,Indianapolis Motor Speedway,1954-05-31 00:00:00,200,2,https://en.wikipedia.org/wiki/1954_Indianapolis_500
Belgian Grand Prix,35,Circuit de Spa-Francorchamps,1954-06-20 00:00:00,36,3,https://en.wikipedia.org/wiki/1954_Belgian_Grand_Prix
French Grand Prix,36,Reims-Gueux,1954-07-04 00:00:00,61,4,https://en.wikipedia.org/wiki/1954_French_Grand_Prix
British Grand Prix,37,Silverstone Circuit,1954-07-17 00:00:00,90,5,https://en.wikipedia.org/wiki/1954_British_Grand_Prix
German Grand Prix,38,Nürburgring,1954-08-01 00:00:00,22,6,https://en.wikipedia.org/wiki/1954_German_Grand_Prix
Swiss Grand Prix,39,Circuit Bremgarten,1954-08-22 00:00:00,66,7,https://en.wikipedia.org/wiki/1954_Swiss_Grand_Prix
Italian Grand Prix,40,Autodromo Nazionale di Monza,1954-09-05 00:00:00,80,8,https://en.wikipedia.org/wiki/1954_Italian_Grand_Prix
Spanish Grand Prix,41,Circuit de Pedralbes,1954-10-24 00:00:00,80,9,https://en.wikipedia.org/wiki/1954_Spanish_Grand_Prix
Argentine Grand Prix,42,Autódromo Juan y Oscar Gálvez,1955-01-16 00:00:00,96,1,https://en.wikipedia.org/wiki/1955_Argentine_Grand_Prix
Monaco Grand Prix,43,Circuit de Monaco,1955-05-22 00:00:00,100,2,https://en.wikipedia.org/wiki/1955_Monaco_Grand_Prix
Indianapolis 500,44,Indianapolis Motor Speedway,1955-05-30 00:00:00,200,3,https://en.wikipedia.org/wiki/1955_Indianapolis_500
Belgian Grand Prix,45,Circuit de Spa-Francorchamps,1955-06-05 00:00:00,36,4,https://en.wikipedia.org/wiki/1955_Belgian_Grand_Prix
Dutch Grand Prix,46,Circuit Park Zandvoort,1955-06-19 00:00:00,100,5,https://en.wikipedia.org/wiki/1955_Dutch_Grand_Prix
British Grand Prix,47,Aintree,1955-07-16 00:00:00,90,6,https://en.wikipedia.org/wiki/1955_British_Grand_Prix
Italian Grand Prix,48,Autodromo Nazionale di Monza,1955-09-11 00:00:00,50,7,https://en.wikipedia.org/wiki/1955_Italian_Grand_Prix
Argentine Grand Prix,49,Autódromo Juan y Oscar Gálvez,1956-01-22 00:00:00,98,1,https://en.wikipedia.org/wiki/1956_Argentine_Grand_Prix
Monaco Grand Prix,50,Circuit de Monaco,1956-05-13 00:00:00,100,2,https://en.wikipedia.org/wiki/1956_Monaco_Grand_Prix
Indianapolis 500,51,Indianapolis Motor Speedway,1956-05-30 00:00:00,200,3,https://en.wikipedia.org/wiki/1956_Indianapolis_500
Belgian Grand Prix,52,Circuit de Spa-Francorchamps,1956-06-03 00:00:00,36,4,https://en.wikipedia.org/wiki/1956_Belgian_Grand_Prix
French Grand Prix,53,Reims-Gueux,1956-07-01 00:00:00,61,5,https://en.wikipedia.org/wiki/1956_French_Grand_Prix
British Grand Prix,54,Silverstone Circuit,1956-07-14 00:00:00,101,6,https://en.wikipedia.org/wiki/1956_British_Grand_Prix
German Grand Prix,55,Nürburgring,1956-08-05 00:00:00,22,7,https://en.wikipedia.org/wiki/1956_German_Grand_Prix
Italian Grand Prix,56,Autodromo Nazionale di Monza,1956-09-02 00:00:00,50,8,https://en.wikipedia.org/wiki/1956_Italian_Grand_Prix
Argentine Grand Prix,57,Autódromo Juan y Oscar Gálvez,1957-01-13 00:00:00,100,1,https://en.wikipedia.org/wiki/1957_Argentine_Grand_Prix
Monaco Grand Prix,58,Circuit de Monaco,1957-05-19 00:00:00,105,2,https://en.wikipedia.org/wiki/1957_Monaco_Grand_Prix
Indianapolis 500,59,Indianapolis Motor Speedway,1957-05-30 00:00:00,200,3,https://en.wikipedia.org/wiki/1957_Indianapolis_500
French Grand Prix,60,Rouen-Les-Essarts,1957-07-07 00:00:00,77,4,https://en.wikipedia.org/wiki/1957_French_Grand_Prix
British Grand Prix,61,Aintree,1957-07-20 00:00:00,90,5,https://en.wikipedia.org/wiki/1957_British_Grand_Prix
German Grand Prix,62,Nürburgring,1957-08-04 00:00:00,22,6,https://en.wikipedia.org/wiki/1957_German_Grand_Prix
Pescara Grand Prix,63,Pescara Circuit,1957-08-18 00:00:00,18,7,https://en.wikipedia.org/wiki/1957_Pescara_Grand_Prix
Italian Grand Prix,64,Autodromo Nazionale di Monza,1957-09-08 00:00:00,87,8,https://en.wikipedia.org/wiki/1957_Italian_Grand_Prix
Argentine Grand Prix,65,Autódromo Juan y Oscar Gálvez,1958-01-19 00:00:00,80,1,https://en.wikipedia.org/wiki/1958_Argentine_Grand_Prix
Monaco Grand Prix,66,Circuit de Monaco,1958-05-18 00:00:00,100,2,https://en.wikipedia.org/wiki/1958_Monaco_Grand_Prix
Dutch Grand Prix,67,Circuit Park Zandvoort,1958-05-26 00:00:00,75,3,https://en.wikipedia.org/wiki/1958_Dutch_Grand_Prix
Indianapolis 500,68,Indianapolis Motor Speedway,1958-05-30 00:00:00,200,4,https://en.wikipedia.org/wiki/1958_Indianapolis_500
Belgian Grand Prix,69,Circuit de Spa-Francorchamps,1958-06-15 00:00:00,24,5,https://en.wikipedia.org/wiki/1958_Belgian_Grand_Prix
French Grand Prix,70,Reims-Gueux,1958-07-06 00:00:00,50,6,https://en.wikipedia.org/wiki/1958_French_Grand_Prix
British Grand Prix,71,Silverstone Circuit,1958-07-19 00:00:00,75,7,https://en.wikipedia.org/wiki/1958_British_Grand_Prix
German Grand Prix,72,Nürburgring,1958-08-03 00:00:00,15,8,https://en.wikipedia.org/wiki/1958_German_Grand_Prix
Portuguese Grand Prix,73,Circuito da Boavista,1958-08-24 00:00:00,50,9,https://en.wikipedia.org/wiki/1958_Portuguese_Grand_Prix
Italian Grand Prix,74,Autodromo Nazionale di Monza,1958-09-07 00:00:00,70,10,https://en.wikipedia.org/wiki/1958_Italian_Grand_Prix
Moroccan Grand Prix,75,Ain Diab,1958-10-19 00:00:00,53,11,https://en.wikipedia.org/wiki/1958_Moroccan_Grand_Prix
Monaco Grand Prix,76,Circuit de Monaco,1959-05-10 00:00:00,100,1,https://en.wikipedia.org/wiki/1959_Monaco_Grand_Prix
Indianapolis 500,77,Indianapolis Motor Speedway,1959-05-30 00:00:00,200,2,https://en.wikipedia.org/wiki/1959_Indianapolis_500
Dutch Grand Prix,78,Circuit Park Zandvoort,1959-05-31 00:00:00,75,3,https://en.wikipedia.org/wiki/1959_Dutch_Grand_Prix
French Grand Prix,79,Reims-Gueux,1959-07-05 00:00:00,50,4,https://en.wikipedia.org/wiki/1959_French_Grand_Prix
British Grand Prix,80,Aintree,1959-07-18 00:00:00,75,5,https://en.wikipedia.org/wiki/1959_British_Grand_Prix
German Grand Prix,81,AVUS,1959-08-02 00:00:00,2,6,https://en.wikipedia.org/wiki/1959_German_Grand_Prix
Portuguese Grand Prix,82,Monsanto Park Circuit,1959-08-23 00:00:00,62,7,https://en.wikipedia.org/wiki/1959_Portuguese_Grand_Prix
Italian Grand Prix,83,Autodromo Nazionale di Monza,1959-09-13 00:00:00,72,8,https://en.wikipedia.org/wiki/1959_Italian_Grand_Prix
United States Grand Prix,84,Sebring International Raceway,1959-12-12 00:00:00,42,9,https://en.wikipedia.org/wiki/1959_United_States_Grand_Prix
Argentine Grand Prix,85,Autódromo Juan y Oscar Gálvez,1960-02-07 00:00:00,80,1,https://en.wikipedia.org/wiki/1960_Argentine_Grand_Prix
Monaco Grand Prix,86,Circuit de Monaco,1960-05-29 00:00:00,100,2,https://en.wikipedia.org/wiki/1960_Monaco_Grand_Prix
Indianapolis 500,87,Indianapolis Motor Speedway,1960-05-30 00:00:00,200,3,https://en.wikipedia.org/wiki/1960_Indianapolis_500
Dutch Grand Prix,88,Circuit Park Zandvoort,1960-06-06 00:00:00,75,4,https://en.wikipedia.org/wiki/1960_Dutch_Grand_Prix
Belgian Grand Prix,89,Circuit de Spa-Francorchamps,1960-06-19 00:00:00,36,5,https://en.wikipedia.org/wiki/1960_Belgian_Grand_Prix
French Grand Prix,90,Reims-Gueux,1960-07-03 00:00:00,50,6,https://en.wikipedia.org/wiki/1960_French_Grand_Prix
British Grand Prix,91,Silverstone Circuit,1960-07-16 00:00:00,77,7,https://en.wikipedia.org/wiki/1960_British_Grand_Prix
Portuguese Grand Prix,92,Circuito da Boavista,1960-08-14 00:00:00,55,8,https://en.wikipedia.org/wiki/1960_Portuguese_Grand_Prix
Italian Grand Prix,93,Autodromo Nazionale di Monza,1960-09-04 00:00:00,50,9,https://en.wikipedia.org/wiki/1960_Italian_Grand_Prix
United States Grand Prix,94,Riverside International Raceway,1960-11-20 00:00:00,75,10,https://en.wikipedia.org/wiki/1960_United_States_Grand_Prix
Monaco Grand Prix,95,Circuit de Monaco,1961-05-14 00:00:00,100,1,https://en.wikipedia.org/wiki/1961_Monaco_Grand_Prix
Dutch Grand Prix,96,Circuit Park Zandvoort,1961-05-22 00:00:00,75,2,https://en.wikipedia.org/wiki/1961_Dutch_Grand_Prix
Belgian Grand Prix,97,Circuit de Spa-Francorchamps,1961-06-18 00:00:00,30,3,https://en.wikipedia.org/wiki/1961_Belgian_Grand_Prix
French Grand Prix,98,Reims-Gueux,1961-07-02 00:00:00,52,4,https://en.wikipedia.org/wiki/1961_French_Grand_Prix
British Grand Prix,99,Aintree,1961-07-15 00:00:00,75,5,https://en.wikipedia.org/wiki/1961_British_Grand_Prix
German Grand Prix,100,Nürburgring,1961-08-06 00:00:00,15,6,https://en.wikipedia.org/wiki/1961_German_Grand_Prix
Italian Grand Prix,101,Autodromo Nazionale di Monza,1961-09-10 00:00:00,43,7,https://en.wikipedia.org/wiki/1961_Italian_Grand_Prix
United States Grand Prix,102,Watkins Glen,1961-10-08 00:00:00,100,8,https://en.wikipedia.org/wiki/1961_United_States_Grand_Prix
Dutch Grand Prix,103,Circuit Park Zandvoort,1962-05-20 00:00:00,80,1,https://en.wikipedia.org/wiki/1962_Dutch_Grand_Prix
Monaco Grand Prix,104,Circuit de Monaco,1962-06-03 00:00:00,100,2,https://en.wikipedia.org/wiki/1962_Monaco_Grand_Prix
Belgian Grand Prix,105,Circuit de Spa-Francorchamps,1962-06-17 00:00:00,32,3,https://en.wikipedia.org/wiki/1962_Belgian_Grand_Prix
French Grand Prix,106,Rouen-Les-Essarts,1962-07-08 00:00:00,54,4,https://en.wikipedia.org/wiki/1962_French_Grand_Prix
British Grand Prix,107,Aintree,1962-07-21 00:00:00,75,5,https://en.wikipedia.org/wiki/1962_British_Grand_Prix
German Grand Prix,108,Nürburgring,1962-08-05 00:00:00,15,6,https://en.wikipedia.org/wiki/1962_German_Grand_Prix
Italian Grand Prix,109,Autodromo Nazionale di Monza,1962-09-16 00:00:00,86,7,https://en.wikipedia.org/wiki/1962_Italian_Grand_Prix
United States Grand Prix,110,Watkins Glen,1962-10-07 00:00:00,100,8,https://en.wikipedia.org/wiki/1962_United_States_Grand_Prix
South African Grand Prix,111,Prince George Circuit,1962-12-29 00:00:00,82,9,https://en.wikipedia.org/wiki/1962_South_African_Grand_Prix
Monaco Grand Prix,112,Circuit de Monaco,1963-05-26 00:00:00,100,1,https://en.wikipedia.org/wiki/1963_Monaco_Grand_Prix
Belgian Grand Prix,113,Circuit de Spa-Francorchamps,1963-06-09 00:00:00,32,2,https://en.wikipedia.org/wiki/1963_Belgian_Grand_Prix
Dutch Grand Prix,114,Circuit Park Zandvoort,1963-06-23 00:00:00,80,3,https://en.wikipedia.org/wiki/1963_Dutch_Grand_Prix
French Grand Prix,115,Reims-Gueux,1963-06-30 00:00:00,53,4,https://en.wikipedia.org/wiki/1963_French_Grand_Prix
British Grand Prix,116,Silverstone Circuit,1963-07-20 00:00:00,82,5,https://en.wikipedia.org/wiki/1963_British_Grand_Prix
German Grand Prix,117,Nürburgring,1963-08-04 00:00:00,15,6,https://en.wikipedia.org/wiki/1963_German_Grand_Prix
Italian Grand Prix,118,Autodromo Nazionale di Monza,1963-09-08 00:00:00,86,7,https://en.wikipedia.org/wiki/1963_Italian_Grand_Prix
United States Grand Prix,119,Watkins Glen,1963-10-06 00:00:00,110,8,https://en.wikipedia.org/wiki/1963_United_States_Grand_Prix
Mexican Grand Prix,120,Autódromo Hermanos Rodríguez,1963-10-27 00:00:00,65,9,https://en.wikipedia.org/wiki/1963_Mexican_Grand_Prix
South African Grand Prix,121,Prince George Circuit,1963-12-28 00:00:00,85,10,https://en.wikipedia.org/wiki/1963_South_African_Grand_Prix
Monaco Grand Prix,122,Circuit de Monaco,1964-05-10 00:00:00,100,1,https://en.wikipedia.org/wiki/1964_Monaco_Grand_Prix
Dutch Grand Prix,123,Circuit Park Zandvoort,1964-05-24 00:00:00,80,2,https://en.wikipedia.org/wiki/1964_Dutch_Grand_Prix
Belgian Grand Prix,124,Circuit de Spa-Francorchamps,1964-06-14 00:00:00,32,3,https://en.wikipedia.org/wiki/1964_Belgian_Grand_Prix
French Grand Prix,125,Rouen-Les-Essarts,1964-06-28 00:00:00,57,4,https://en.wikipedia.org/wiki/1964_French_Grand_Prix
British Grand Prix,126,Brands Hatch,1964-07-11 00:00:00,80,5,https://en.wikipedia.org/wiki/1964_British_Grand_Prix
German Grand Prix,127,Nürburgring,1964-08-02 00:00:00,15,6,https://en.wikipedia.org/wiki/1964_German_Grand_Prix
Austrian Grand Prix,128,Zeltweg,1964-08-23 00:00:00,105,7,https://en.wikipedia.org/wiki/1964_Austrian_Grand_Prix
Italian Grand Prix,129,Autodromo Nazionale di Monza,1964-09-06 00:00:00,78,8,https://en.wikipedia.org/wiki/1964_Italian_Grand_Prix
United States Grand Prix,130,Watkins Glen,1964-10-04 00:00:00,110,9,https://en.wikipedia.org/wiki/1964_United_States_Grand_Prix
Mexican Grand Prix,131,Autódromo Hermanos Rodríguez,1964-10-25 00:00:00,65,10,https://en.wikipedia.org/wiki/1964_Mexican_Grand_Prix
South African Grand Prix,132,Prince George Circuit,1965-01-01 00:00:00,85,1,https://en.wikipedia.org/wiki/1965_South_African_Grand_Prix
Monaco Grand Prix,133,Circuit de Monaco,1965-05-30 00:00:00,100,2,https://en.wikipedia.org/wiki/1965_Monaco_Grand_Prix
Belgian Grand Prix,134,Circuit de Spa-Francorchamps,1965-06-13 00:00:00,32,3,https://en.wikipedia.org/wiki/1965_Belgian_Grand_Prix
French Grand Prix,135,Charade Circuit,1965-06-27 00:00:00,40,4,https://en.wikipedia.org/wiki/1965_French_Grand_Prix
British Grand Prix,136,Silverstone Circuit,1965-07-10 00:00:00,80,5,https://en.wikipedia.org/wiki/1965_British_Grand_Prix
Dutch Grand Prix,137,Circuit Park Zandvoort,1965-07-18 00:00:00,80,6,https://en.wikipedia.org/wiki/1965_Dutch_Grand_Prix
German Grand Prix,138,Nürburgring,1965-08-01 00:00:00,15,7,https://en.wikipedia.org/wiki/1965_German_Grand_Prix
Italian Grand Prix,139,Autodromo Nazionale di Monza,1965-09-12 00:00:00,76,8,https://en.wikipedia.org/wiki/1965_Italian_Grand_Prix
United States Grand Prix,140,Watkins Glen,1965-10-03 00:00:00,110,9,https://en.wikipedia.org/wiki/1965_United_States_Grand_Prix
Mexican Grand Prix,141,Autódromo Hermanos Rodríguez,1965-10-24 00:00:00,65,10,https://en.wikipedia.org/wiki/1965_Mexican_Grand_Prix
Monaco Grand Prix,142,Circuit de Monaco,1966-05-22 00:00:00,100,1,https://en.wikipedia.org/wiki/1966_Monaco_Grand_Prix
Belgian Grand Prix,143,Circuit de Spa-Francorchamps,1966-06-12 00:00:00,28,2,https://en.wikipedia.org/wiki/1966_Belgian_Grand_Prix
French Grand Prix,144,Reims-Gueux,1966-07-03 00:00:00,48,3,https://en.wikipedia.org/wiki/1966_French_Grand_Prix
British Grand Prix,145,Brands Hatch,1966-07-16 00:00:00,80,4,https://en.wikipedia.org/wiki/1966_British_Grand_Prix
Dutch Grand Prix,146,Circuit Park Zandvoort,1966-07-24 00:00:00,90,5,https://en.wikipedia.org/wiki/1966_Dutch_Grand_Prix
German Grand Prix,147,Nürburgring,1966-08-07 00:00:00,15,6,https://en.wikipedia.org/wiki/1966_German_Grand_Prix
Italian Grand Prix,148,Autodromo Nazionale di Monza,1966-09-04 00:00:00,68,7,https://en.wikipedia.org/wiki/1966_Italian_Grand_Prix
United States Grand Prix,149,Watkins Glen,1966-10-02 00:00:00,108,8,https://en.wikipedia.org/wiki/1966_United_States_Grand_Prix
Mexican Grand Prix,150,Autódromo Hermanos Rodríguez,1966-10-23 00:00:00,65,9,https://en.wikipedia.org/wiki/1966_Mexican_Grand_Prix
South African Grand Prix,151,Kyalami,1967-01-02 00:00:00,80,1,https://en.wikipedia.org/wiki/1967_South_African_Grand_Prix
Monaco Grand Prix,152,Circuit de Monaco,1967-05-07 00:00:00,100,2,https://en.wikipedia.org/wiki/1967_Monaco_Grand_Prix
Dutch Grand Prix,153,Circuit Park Zandvoort,1967-06-04 00:00:00,90,3,https://en.wikipedia.org/wiki/1967_Dutch_Grand_Prix
Belgian Grand Prix,154,Circuit de Spa-Francorchamps,1967-06-18 00:00:00,28,4,https://en.wikipedia.org/wiki/1967_Belgian_Grand_Prix
French Grand Prix,155,Le Mans,1967-07-02 00:00:00,80,5,https://en.wikipedia.org/wiki/1967_French_Grand_Prix
British Grand Prix,156,Silverstone Circuit,1967-07-15 00:00:00,80,6,https://en.wikipedia.org/wiki/1967_British_Grand_Prix
German Grand Prix,157,Nürburgring,1967-08-06 00:00:00,15,7,https://en.wikipedia.org/wiki/1967_German_Grand_Prix
Canadian Grand Prix,158,Mosport International Raceway,1967-08-27 00:00:00,90,8,https://en.wikipedia.org/wiki/1967_Canadian_Grand_Prix
Italian Grand Prix,159,Autodromo Nazionale di Monza,1967-09-10 00:00:00,68,9,https://en.wikipedia.org/wiki/1967_Italian_Grand_Prix
United States Grand Prix,160,Watkins Glen,1967-10-01 00:00:00,108,10,https://en.wikipedia.org/wiki/1967_United_States_Grand_Prix
Mexican Grand Prix,161,Autódromo Hermanos Rodríguez,1967-10-22 00:00:00,65,11,https://en.wikipedia.org/wiki/1967_Mexican_Grand_Prix
South African Grand Prix,162,Kyalami,1968-01-01 00:00:00,80,1,https://en.wikipedia.org/wiki/1968_South_African_Grand_Prix
Spanish Grand Prix,163,Jarama,1968-05-12 00:00:00,90,2,https://en.wikipedia.org/wiki/1968_Spanish_Grand_Prix
Monaco Grand Prix,164,Circuit de Monaco,1968-05-26 00:00:00,80,3,https://en.wikipedia.org/wiki/1968_Monaco_Grand_Prix
Belgian Grand Prix,165,Circuit de Spa-Francorchamps,1968-06-09 00:00:00,28,4,https://en.wikipedia.org/wiki/1968_Belgian_Grand_Prix
Dutch Grand Prix,166,Circuit Park Zandvoort,1968-06-23 00:00:00,90,5,https://en.wikipedia.org/wiki/1968_Dutch_Grand_Prix
French Grand Prix,167,Rouen-Les-Essarts,1968-07-07 00:00:00,60,6,https://en.wikipedia.org/wiki/1968_French_Grand_Prix
British Grand Prix,168,Brands Hatch,1968-07-20 00:00:00,80,7,https://en.wikipedia.org/wiki/1968_British_Grand_Prix
German Grand Prix,169,Nürburgring,1968-08-04 00:00:00,14,8,https://en.wikipedia.org/wiki/1968_German_Grand_Prix
Italian Grand Prix,170,Autodromo Nazionale di Monza,1968-09-08 00:00:00,68,9,https://en.wikipedia.org/wiki/1968_Italian_Grand_Prix
Canadian Grand Prix,171,Circuit Mont-Tremblant,1968-09-22 00:00:00,90,10,https://en.wikipedia.org/wiki/1968_Canadian_Grand_Prix
United States Grand Prix,172,Watkins Glen,1968-10-06 00:00:00,108,11,https://en.wikipedia.org/wiki/1968_United_States_Grand_Prix
Mexican Grand Prix,173,Autódromo Hermanos Rodríguez,1968-11-03 00:00:00,65,12,https://en.wikipedia.org/wiki/1968_Mexican_Grand_Prix
South African Grand Prix,174,Kyalami,1969-03-01 00:00:00,80,1,https://en.wikipedia.org/wiki/1969_South_African_Grand_Prix
Spanish Grand Prix,175,Montjuïc,1969-05-04 00:00:00,90,2,https://en.wikipedia.org/wiki/1969_Spanish_Grand_Prix
Monaco Grand Prix,176,Circuit de Monaco,1969-05-18 00:00:00,80,3,https://en.wikipedia.org/wiki/1969_Monaco_Grand_Prix
Dutch Grand Prix,177,Circuit Park Zandvoort,1969-06-21 00:00:00,90,4,https://en.wikipedia.org/wiki/1969_Dutch_Grand_Prix
French Grand Prix,178,Charade Circuit,1969-07-06 00:00:00,38,5,https://en.wikipedia.org/wiki/1969_French_Grand_Prix
British Grand Prix,179,Silverstone Circuit,1969-07-19 00:00:00,84,6,https://en.wikipedia.org/wiki/1969_British_Grand_Prix
German Grand Prix,180,Nürburgring,1969-08-03 00:00:00,14,7,https://en.wikipedia.org/wiki/1969_German_Grand_Prix
Italian Grand Prix,181,Autodromo Nazionale di Monza,1969-09-07 00:00:00,68,8,https://en.wikipedia.org/wiki/1969_Italian_Grand_Prix
Canadian Grand Prix,182,Mosport International Raceway,1969-09-20 00:00:00,90,9,https://en.wikipedia.org/wiki/1969_Canadian_Grand_Prix
United States Grand Prix,183,Watkins Glen,1969-10-05 00:00:00,108,10,https://en.wikipedia.org/wiki/1969_United_States_Grand_Prix
Mexican Grand Prix,184,Autódromo Hermanos Rodríguez,1969-10-19 00:00:00,65,11,https://en.wikipedia.org/wiki/1969_Mexican_Grand_Prix
South African Grand Prix,185,Kyalami,1970-03-07 00:00:00,80,1,https://en.wikipedia.org/wiki/1970_South_African_Grand_Prix
Spanish Grand Prix,186,Jarama,1970-04-19 00:00:00,90,2,https://en.wikipedia.org/wiki/1970_Spanish_Grand_Prix
Monaco Grand Prix,187,Circuit de Monaco,1970-05-10 00:00:00,80,3,https://en.wikipedia.org/wiki/1970_Monaco_Grand_Prix
Belgian Grand Prix,188,Circuit de Spa-Francorchamps,1970-06-07 00:00:00,28,4,https://en.wikipedia.org/wiki/1970_Belgian_Grand_Prix
Dutch Grand Prix,189,Circuit Park Zandvoort,1970-06-21 00:00:00,90,5,https://en.wikipedia.org/wiki/1970_Dutch_Grand_Prix
French Grand Prix,190,Charade Circuit,1970-07-05 00:00:00,38,6,https://en.wikipedia.org/wiki/1970_French_Grand_Prix
British Grand Prix,191,Brands Hatch,1970-07-18 00:00:00,80,7,https://en.wikipedia.org/wiki/1970_British_Grand_Prix
German Grand Prix,192,Hockenheimring,1970-08-02 00:00:00,50,8,https://en.wikipedia.org/wiki/1970_German_Grand_Prix
Austrian Grand Prix,193,Red Bull Ring,1970-08-16 00:00:00,60,9,https://en.wikipedia.org/wiki/1970_Austrian_Grand_Prix
Italian Grand Prix,194,Autodromo Nazionale di Monza,1970-09-06 00:00:00,68,10,https://en.wikipedia.org/wiki/1970_Italian_Grand_Prix
Canadian Grand Prix,195,Circuit Mont-Tremblant,1970-09-20 00:00:00,90,11,https://en.wikipedia.org/wiki/1970_Canadian_Grand_Prix
United States Grand Prix,196,Watkins Glen,1970-10-04 00:00:00,108,12,https://en.wikipedia.org/wiki/1970_United_States_Grand_Prix
Mexican Grand Prix,197,Autódromo Hermanos Rodríguez,1970-10-25 00:00:00,65,13,https://en.wikipedia.org/wiki/1970_Mexican_Grand_Prix
South African Grand Prix,198,Kyalami,1971-03-06 00:00:00,79,1,https://en.wikipedia.org/wiki/1971_South_African_Grand_Prix
Spanish Grand Prix,199,Montjuïc,1971-04-18 00:00:00,75,2,https://en.wikipedia.org/wiki/1971_Spanish_Grand_Prix
Monaco Grand Prix,200,Circuit de Monaco,1971-05-23 00:00:00,80,3,https://en.wikipedia.org/wiki/1971_Monaco_Grand_Prix
Dutch Grand Prix,201,Circuit Park Zandvoort,1971-06-20 00:00:00,70,4,https://en.wikipedia.org/wiki/1971_Dutch_Grand_Prix
French Grand Prix,202,Circuit Paul Ricard,1971-07-04 00:00:00,55,5,https://en.wikipedia.org/wiki/1971_French_Grand_Prix
British Grand Prix,203,Silverstone Circuit,1971-07-17 00:00:00,68,6,https://en.wikipedia.org/wiki/1971_British_Grand_Prix
German Grand Prix,204,Nürburgring,1971-08-01 00:00:00,12,7,https://en.wikipedia.org/wiki/1971_German_Grand_Prix
Austrian Grand Prix,205,Red Bull Ring,1971-08-15 00:00:00,54,8,https://en.wikipedia.org/wiki/1971_Austrian_Grand_Prix
Italian Grand Prix,206,Autodromo Nazionale di Monza,1971-09-05 00:00:00,55,9,https://en.wikipedia.org/wiki/1971_Italian_Grand_Prix
Canadian Grand Prix,207,Mosport International Raceway,1971-09-19 00:00:00,64,10,https://en.wikipedia.org/wiki/1971_Canadian_Grand_Prix
United States Grand Prix,208,Watkins Glen,1971-10-03 00:00:00,59,11,https://en.wikipedia.org/wiki/1971_United_States_Grand_Prix
Argentine Grand Prix,209,Autódromo Juan y Oscar Gálvez,1972-01-23 00:00:00,95,1,https://en.wikipedia.org/wiki/1972_Argentine_Grand_Prix
South African Grand Prix,210,Kyalami,1972-03-04 00:00:00,79,2,https://en.wikipedia.org/wiki/1972_South_African_Grand_Prix
Spanish Grand Prix,211,Jarama,1972-05-01 00:00:00,90,3,https://en.wikipedia.org/wiki/1972_Spanish_Grand_Prix
Monaco Grand Prix,212,Circuit de Monaco,1972-05-14 00:00:00,80,4,https://en.wikipedia.org/wiki/1972_Monaco_Grand_Prix
Belgian Grand Prix,213,Nivelles-Baulers,1972-06-04 00:00:00,80,5,https://en.wikipedia.org/wiki/1972_Belgian_Grand_Prix
French Grand Prix,214,Charade Circuit,1972-07-02 00:00:00,80,6,https://en.wikipedia.org/wiki/1972_French_Grand_Prix
British Grand Prix,215,Brands Hatch,1972-07-15 00:00:00,80,7,https://en.wikipedia.org/wiki/1972_British_Grand_Prix
German Grand Prix,216,Nürburgring,1972-07-30 00:00:00,14,8,https://en.wikipedia.org/wiki/1972_German_Grand_Prix
Austrian Grand Prix,217,Red Bull Ring,1972-08-13 00:00:00,54,9,https://en.wikipedia.org/wiki/1972_Austrian_Grand_Prix
Italian Grand Prix,218,Autodromo Nazionale di Monza,1972-09-10 00:00:00,54,10,https://en.wikipedia.org/wiki/1972_Italian_Grand_Prix
Canadian Grand Prix,219,Mosport International Raceway,1972-09-24 00:00:00,54,11,https://en.wikipedia.org/wiki/1972_Canadian_Grand_Prix
United States Grand Prix,220,Watkins Glen,1972-10-08 00:00:00,54,12,https://en.wikipedia.org/wiki/1972_United_States_Grand_Prix
Argentine Grand Prix,221,Autódromo Juan y Oscar Gálvez,1973-01-28 00:00:00,96,1,https://en.wikipedia.org/wiki/1973_Argentine_Grand_Prix
Brazilian Grand Prix,222,Autódromo José Carlos Pace,1973-02-11 00:00:00,96,2,https://en.wikipedia.org/wiki/1973_Brazilian_Grand_Prix
South African Grand Prix,223,Kyalami,1973-03-03 00:00:00,96,3,https://en.wikipedia.org/wiki/1973_South_African_Grand_Prix
Spanish Grand Prix,224,Montjuïc,1973-04-29 00:00:00,75,4,https://en.wikipedia.org/wiki/1973_Spanish_Grand_Prix
Belgian Grand Prix,225,Zolder,1973-05-20 00:00:00,75,5,https://en.wikipedia.org/wiki/1973_Belgian_Grand_Prix
Monaco Grand Prix,226,Circuit de Monaco,1973-06-03 00:00:00,75,6,https://en.wikipedia.org/wiki/1973_Monaco_Grand_Prix
Swedish Grand Prix,227,Scandinavian Raceway,1973-06-17 00:00:00,80,7,https://en.wikipedia.org/wiki/1973_Swedish_Grand_Prix
French Grand Prix,228,Circuit Paul Ricard,1973-07-01 00:00:00,80,8,https://en.wikipedia.org/wiki/1973_French_Grand_Prix
British Grand Prix,229,Silverstone Circuit,1973-07-14 00:00:00,80,9,https://en.wikipedia.org/wiki/1973_British_Grand_Prix
Dutch Grand Prix,230,Circuit Park Zandvoort,1973-07-29 00:00:00,80,10,https://en.wikipedia.org/wiki/1973_Dutch_Grand_Prix
German Grand Prix,231,Nürburgring,1973-08-05 00:00:00,14,11,https://en.wikipedia.org/wiki/1973_German_Grand_Prix
Austrian Grand Prix,232,Red Bull Ring,1973-08-19 00:00:00,14,12,https://en.wikipedia.org/wiki/1973_Austrian_Grand_Prix
Italian Grand Prix,233,Autodromo Nazionale di Monza,1973-09-09 00:00:00,14,13,https://en.wikipedia.org/wiki/1973_Italian_Grand_Prix
Canadian Grand Prix,234,Mosport International Raceway,1973-09-23 00:00:00,14,14,https://en.wikipedia.org/wiki/1973_Canadian_Grand_Prix
United States Grand Prix,235,Watkins Glen,1973-10-07 00:00:00,59,15,https://en.wikipedia.org/wiki/1973_United_States_Grand_Prix
Argentine Grand Prix,236,Autódromo Juan y Oscar Gálvez,1974-01-13 00:00:00,59,1,https://en.wikipedia.org/wiki/1974_Argentine_Grand_Prix
Brazilian Grand Prix,237,Autódromo José Carlos Pace,1974-01-27 00:00:00,32,2,https://en.wikipedia.org/wiki/1974_Brazilian_Grand_Prix
South African Grand Prix,238,Kyalami,1974-03-30 00:00:00,32,3,https://en.wikipedia.org/wiki/1974_South_African_Grand_Prix
Spanish Grand Prix,239,Jarama,1974-04-28 00:00:00,32,4,https://en.wikipedia.org/wiki/1974_Spanish_Grand_Prix
Belgian Grand Prix,240,Nivelles-Baulers,1974-05-12 00:00:00,32,5,https://en.wikipedia.org/wiki/1974_Belgian_Grand_Prix
Monaco Grand Prix,241,Circuit de Monaco,1974-05-26 00:00:00,32,6,https://en.wikipedia.org/wiki/1974_Monaco_Grand_Prix
Swedish Grand Prix,242,Scandinavian Raceway,1974-06-09 00:00:00,32,7,https://en.wikipedia.org/wiki/1974_Swedish_Grand_Prix
Dutch Grand Prix,243,Circuit Park Zandvoort,1974-06-23 00:00:00,32,8,https://en.wikipedia.org/wiki/1974_Dutch_Grand_Prix
French Grand Prix,244,Dijon-Prenois,1974-07-07 00:00:00,80,9,https://en.wikipedia.org/wiki/1974_French_Grand_Prix
British Grand Prix,245,Brands Hatch,1974-07-20 00:00:00,80,10,https://en.wikipedia.org/wiki/1974_British_Grand_Prix
German Grand Prix,246,Nürburgring,1974-08-04 00:00:00,80,11,https://en.wikipedia.org/wiki/1974_German_Grand_Prix
Austrian Grand Prix,247,Red Bull Ring,1974-08-18 00:00:00,80,12,https://en.wikipedia.org/wiki/1974_Austrian_Grand_Prix
Italian Grand Prix,248,Autodromo Nazionale di Monza,1974-09-08 00:00:00,52,13,https://en.wikipedia.org/wiki/1974_Italian_Grand_Prix
Canadian Grand Prix,249,Mosport International Raceway,1974-09-22 00:00:00,80,14,https://en.wikipedia.org/wiki/1974_Canadian_Grand_Prix
United States Grand Prix,250,Watkins Glen,1974-10-06 00:00:00,80,15,https://en.wikipedia.org/wiki/1974_United_States_Grand_Prix
Argentine Grand Prix,251,Autódromo Juan y Oscar Gálvez,1975-01-12 00:00:00,53,1,https://en.wikipedia.org/wiki/1975_Argentine_Grand_Prix
Brazilian Grand Prix,252,Autódromo José Carlos Pace,1975-01-26 00:00:00,40,2,https://en.wikipedia.org/wiki/1975_Brazilian_Grand_Prix
South African Grand Prix,253,Kyalami,1975-03-01 00:00:00,78,3,https://en.wikipedia.org/wiki/1975_South_African_Grand_Prix
Spanish Grand Prix,254,Montjuïc,1975-04-27 00:00:00,29,4,https://en.wikipedia.org/wiki/1975_Spanish_Grand_Prix
Monaco Grand Prix,255,Circuit de Monaco,1975-05-11 00:00:00,75,5,https://en.wikipedia.org/wiki/1975_Monaco_Grand_Prix
Belgian Grand Prix,256,Zolder,1975-05-25 00:00:00,70,6,https://en.wikipedia.org/wiki/1975_Belgian_Grand_Prix
Swedish Grand Prix,257,Scandinavian Raceway,1975-06-08 00:00:00,80,7,https://en.wikipedia.org/wiki/1975_Swedish_Grand_Prix
Dutch Grand Prix,258,Circuit Park Zandvoort,1975-06-22 00:00:00,80,8,https://en.wikipedia.org/wiki/1975_Dutch_Grand_Prix
French Grand Prix,259,Circuit Paul Ricard,1975-07-06 00:00:00,54,9,https://en.wikipedia.org/wiki/1975_French_Grand_Prix
British Grand Prix,260,Silverstone Circuit,1975-07-19 00:00:00,56,10,https://en.wikipedia.org/wiki/1975_British_Grand_Prix
German Grand Prix,261,Nürburgring,1975-08-03 00:00:00,56,11,https://en.wikipedia.org/wiki/1975_German_Grand_Prix
Austrian Grand Prix,262,Red Bull Ring,1975-08-17 00:00:00,56,12,https://en.wikipedia.org/wiki/1975_Austrian_Grand_Prix
Italian Grand Prix,263,Autodromo Nazionale di Monza,1975-09-07 00:00:00,52,13,https://en.wikipedia.org/wiki/1975_Italian_Grand_Prix
United States Grand Prix,264,Watkins Glen,1975-10-05 00:00:00,52,14,https://en.wikipedia.org/wiki/1975_United_States_Grand_Prix
Brazilian Grand Prix,265,Autódromo José Carlos Pace,1976-01-25 00:00:00,40,1,https://en.wikipedia.org/wiki/1976_Brazilian_Grand_Prix
South African Grand Prix,266,Kyalami,1976-03-06 00:00:00,40,2,https://en.wikipedia.org/wiki/1976_South_African_Grand_Prix
United States Grand Prix West,267,Long Beach,1976-03-28 00:00:00,40,3,https://en.wikipedia.org/wiki/1976_United_States_Grand_Prix_West
Spanish Grand Prix,268,Jarama,1976-05-02 00:00:00,40,4,https://en.wikipedia.org/wiki/1976_Spanish_Grand_Prix
Belgian Grand Prix,269,Zolder,1976-05-16 00:00:00,70,5,https://en.wikipedia.org/wiki/1976_Belgian_Grand_Prix
Monaco Grand Prix,270,Circuit de Monaco,1976-05-30 00:00:00,78,6,https://en.wikipedia.org/wiki/1976_Monaco_Grand_Prix
Swedish Grand Prix,271,Scandinavian Raceway,1976-06-13 00:00:00,78,7,https://en.wikipedia.org/wiki/1976_Swedish_Grand_Prix
French Grand Prix,272,Circuit Paul Ricard,1976-07-04 00:00:00,78,8,https://en.wikipedia.org/wiki/1976_French_Grand_Prix
British Grand Prix,273,Brands Hatch,1976-07-18 00:00:00,78,9,https://en.wikipedia.org/wiki/1976_British_Grand_Prix
German Grand Prix,274,Nürburgring,1976-08-01 00:00:00,14,10,https://en.wikipedia.org/wiki/1976_German_Grand_Prix
Austrian Grand Prix,275,Red Bull Ring,1976-08-15 00:00:00,14,11,https://en.wikipedia.org/wiki/1976_Austrian_Grand_Prix
Dutch Grand Prix,276,Circuit Park Zandvoort,1976-08-29 00:00:00,14,12,https://en.wikipedia.org/wiki/1976_Dutch_Grand_Prix
Italian Grand Prix,277,Autodromo Nazionale di Monza,1976-09-12 00:00:00,14,13,https://en.wikipedia.org/wiki/1976_Italian_Grand_Prix
Canadian Grand Prix,278,Mosport International Raceway,1976-10-03 00:00:00,80,14,https://en.wikipedia.org/wiki/1976_Canadian_Grand_Prix
United States Grand Prix,279,Watkins Glen,1976-10-10 00:00:00,80,15,https://en.wikipedia.org/wiki/1976_United_States_Grand_Prix
Japanese Grand Prix,280,Fuji Speedway,1976-10-24 00:00:00,80,16,https://en.wikipedia.org/wiki/1976_Japanese_Grand_Prix
Argentine Grand Prix,281,Autódromo Juan y Oscar Gálvez,1977-01-09 00:00:00,53,1,https://en.wikipedia.org/wiki/1977_Argentine_Grand_Prix
Brazilian Grand Prix,282,Autódromo José Carlos Pace,1977-01-23 00:00:00,40,2,https://en.wikipedia.org/wiki/1977_Brazilian_Grand_Prix
South African Grand Prix,283,Kyalami,1977-03-05 00:00:00,40,3,https://en.wikipedia.org/wiki/1977_South_African_Grand_Prix
United States Grand Prix West,284,Long Beach,1977-04-03 00:00:00,40,4,https://en.wikipedia.org/wiki/1977_United_States_Grand_Prix_West
Spanish Grand Prix,285,Jarama,1977-05-08 00:00:00,75,5,https://en.wikipedia.org/wiki/1977_Spanish_Grand_Prix
Monaco Grand Prix,286,Circuit de Monaco,1977-05-22 00:00:00,76,6,https://en.wikipedia.org/wiki/1977_Monaco_Grand_Prix
Belgian Grand Prix,287,Zolder,1977-06-05 00:00:00,76,7,https://en.wikipedia.org/wiki/1977_Belgian_Grand_Prix
Swedish Grand Prix,288,Scandinavian Raceway,1977-06-19 00:00:00,76,8,https://en.wikipedia.org/wiki/1977_Swedish_Grand_Prix
French Grand Prix,289,Dijon-Prenois,1977-07-03 00:00:00,76,9,https://en.wikipedia.org/wiki/1977_French_Grand_Prix
British Grand Prix,290,Silverstone Circuit,1977-07-16 00:00:00,68,10,https://en.wikipedia.org/wiki/1977_British_Grand_Prix
German Grand Prix,291,Hockenheimring,1977-07-31 00:00:00,47,11,https://en.wikipedia.org/wiki/1977_German_Grand_Prix
Austrian Grand Prix,292,Red Bull Ring,1977-08-14 00:00:00,47,12,https://en.wikipedia.org/wiki/1977_Austrian_Grand_Prix
Dutch Grand Prix,293,Circuit Park Zandvoort,1977-08-28 00:00:00,47,13,https://en.wikipedia.org/wiki/1977_Dutch_Grand_Prix
Italian Grand Prix,294,Autodromo Nazionale di Monza,1977-09-11 00:00:00,52,14,https://en.wikipedia.org/wiki/1977_Italian_Grand_Prix
United States Grand Prix,295,Watkins Glen,1977-10-02 00:00:00,59,15,https://en.wikipedia.org/wiki/1977_United_States_Grand_Prix
Canadian Grand Prix,296,Mosport International Raceway,1977-10-09 00:00:00,59,16,https://en.wikipedia.org/wiki/1977_Canadian_Grand_Prix
Japanese Grand Prix,297,Fuji Speedway,1977-10-23 00:00:00,59,17,https://en.wikipedia.org/wiki/1977_Japanese_Grand_Prix
Argentine Grand Prix,298,Autódromo Juan y Oscar Gálvez,1978-01-15 00:00:00,52,1,https://en.wikipedia.org/wiki/1978_Argentine_Grand_Prix
Brazilian Grand Prix,299,Autódromo Internacional Nelson Piquet,1978-01-29 00:00:00,52,2,https://en.wikipedia.org/wiki/1978_Brazilian_Grand_Prix
South African Grand Prix,300,Kyalami,1978-03-04 00:00:00,52,3,https://en.wikipedia.org/wiki/1978_South_African_Grand_Prix
United States Grand Prix West,301,Long Beach,1978-04-02 00:00:00,52,4,https://en.wikipedia.org/wiki/1978_United_States_Grand_Prix_West
Monaco Grand Prix,302,Circuit de Monaco,1978-05-07 00:00:00,75,5,https://en.wikipedia.org/wiki/1978_Monaco_Grand_Prix
Belgian Grand Prix,303,Zolder,1978-05-21 00:00:00,75,6,https://en.wikipedia.org/wiki/1978_Belgian_Grand_Prix
Spanish Grand Prix,304,Jarama,1978-06-04 00:00:00,75,7,https://en.wikipedia.org/wiki/1978_Spanish_Grand_Prix
Swedish Grand Prix,305,Scandinavian Raceway,1978-06-17 00:00:00,70,8,https://en.wikipedia.org/wiki/1978_Swedish_Grand_Prix
French Grand Prix,306,Circuit Paul Ricard,1978-07-02 00:00:00,70,9,https://en.wikipedia.org/wiki/1978_French_Grand_Prix
British Grand Prix,307,Brands Hatch,1978-07-16 00:00:00,70,10,https://en.wikipedia.org/wiki/1978_British_Grand_Prix
German Grand Prix,308,Hockenheimring,1978-07-30 00:00:00,70,11,https://en.wikipedia.org/wiki/1978_German_Grand_Prix
Austrian Grand Prix,309,Red Bull Ring,1978-08-13 00:00:00,54,12,https://en.wikipedia.org/wiki/1978_Austrian_Grand_Prix
Dutch Grand Prix,310,Circuit Park Zandvoort,1978-08-27 00:00:00,54,13,https://en.wikipedia.org/wiki/1978_Dutch_Grand_Prix
Italian Grand Prix,311,Autodromo Nazionale di Monza,1978-09-10 00:00:00,40,14,https://en.wikipedia.org/wiki/1978_Italian_Grand_Prix
United States Grand Prix,312,Watkins Glen,1978-10-01 00:00:00,59,15,https://en.wikipedia.org/wiki/1978_United_States_Grand_Prix
Canadian Grand Prix,313,Circuit Gilles Villeneuve,1978-10-08 00:00:00,70,16,https://en.wikipedia.org/wiki/1978_Canadian_Grand_Prix
Argentine Grand Prix,314,Autódromo Juan y Oscar Gálvez,1979-01-21 00:00:00,53,1,https://en.wikipedia.org/wiki/1979_Argentine_Grand_Prix
Brazilian Grand Prix,315,Autódromo José Carlos Pace,1979-02-04 00:00:00,40,2,https://en.wikipedia.org/wiki/1979_Brazilian_Grand_Prix
South African Grand Prix,316,Kyalami,1979-03-03 00:00:00,40,3,https://en.wikipedia.org/wiki/1979_South_African_Grand_Prix
United States Grand Prix West,317,Long Beach,1979-04-08 00:00:00,80,4,https://en.wikipedia.org/wiki/1979_United_States_Grand_Prix_West
Spanish Grand Prix,318,Jarama,1979-04-29 00:00:00,75,5,https://en.wikipedia.org/wiki/1979_Spanish_Grand_Prix
Belgian Grand Prix,319,Zolder,1979-05-13 00:00:00,70,6,https://en.wikipedia.org/wiki/1979_Belgian_Grand_Prix
Monaco Grand Prix,320,Circuit de Monaco,1979-05-27 00:00:00,70,7,https://en.wikipedia.org/wiki/1979_Monaco_Grand_Prix
French Grand Prix,321,Dijon-Prenois,1979-07-01 00:00:00,70,8,https://en.wikipedia.org/wiki/1979_French_Grand_Prix
British Grand Prix,322,Silverstone Circuit,1979-07-14 00:00:00,68,9,https://en.wikipedia.org/wiki/1979_British_Grand_Prix
German Grand Prix,323,Hockenheimring,1979-07-29 00:00:00,68,10,https://en.wikipedia.org/wiki/1979_German_Grand_Prix
Austrian Grand Prix,324,Red Bull Ring,1979-08-12 00:00:00,54,11,https://en.wikipedia.org/wiki/1979_Austrian_Grand_Prix
Dutch Grand Prix,325,Circuit Park Zandvoort,1979-08-26 00:00:00,54,12,https://en.wikipedia.org/wiki/1979_Dutch_Grand_Prix
Italian Grand Prix,326,Autodromo Nazionale di Monza,1979-09-09 00:00:00,54,13,https://en.wikipedia.org/wiki/1979_Italian_Grand_Prix
Canadian Grand Prix,327,Circuit Gilles Villeneuve,1979-09-30 00:00:00,72,14,https://en.wikipedia.org/wiki/1979_Canadian_Grand_Prix
United States Grand Prix,328,Watkins Glen,1979-10-07 00:00:00,59,15,https://en.wikipedia.org/wiki/1979_United_States_Grand_Prix
Argentine Grand Prix,329,Autódromo Juan y Oscar Gálvez,1980-01-13 00:00:00,53,1,https://en.wikipedia.org/wiki/1980_Argentine_Grand_Prix
Brazilian Grand Prix,330,Autódromo José Carlos Pace,1980-01-27 00:00:00,40,2,https://en.wikipedia.org/wiki/1980_Brazilian_Grand_Prix
South African Grand Prix,331,Kyalami,1980-03-01 00:00:00,40,3,https://en.wikipedia.org/wiki/1980_South_African_Grand_Prix
United States Grand Prix West,332,Long Beach,1980-03-30 00:00:00,40,4,https://en.wikipedia.org/wiki/1980_United_States_Grand_Prix_West
Belgian Grand Prix,333,Zolder,1980-05-04 00:00:00,72,5,https://en.wikipedia.org/wiki/1980_Belgian_Grand_Prix
Monaco Grand Prix,334,Circuit de Monaco,1980-05-18 00:00:00,72,6,https://en.wikipedia.org/wiki/1980_Monaco_Grand_Prix
French Grand Prix,335,Circuit Paul Ricard,1980-06-29 00:00:00,72,7,https://en.wikipedia.org/wiki/1980_French_Grand_Prix
British Grand Prix,336,Brands Hatch,1980-07-13 00:00:00,72,8,https://en.wikipedia.org/wiki/1980_British_Grand_Prix
German Grand Prix,337,Hockenheimring,1980-08-10 00:00:00,45,9,https://en.wikipedia.org/wiki/1980_German_Grand_Prix
Austrian Grand Prix,338,Red Bull Ring,1980-08-17 00:00:00,54,10,https://en.wikipedia.org/wiki/1980_Austrian_Grand_Prix
Dutch Grand Prix,339,Circuit Park Zandvoort,1980-08-31 00:00:00,72,11,https://en.wikipedia.org/wiki/1980_Dutch_Grand_Prix
Italian Grand Prix,340,Autodromo Enzo e Dino Ferrari,1980-09-14 00:00:00,60,12,https://en.wikipedia.org/wiki/1980_Italian_Grand_Prix
Canadian Grand Prix,341,Circuit Gilles Villeneuve,1980-09-28 00:00:00,70,13,https://en.wikipedia.org/wiki/1980_Canadian_Grand_Prix
United States Grand Prix,342,Watkins Glen,1980-10-05 00:00:00,70,14,https://en.wikipedia.org/wiki/1980_United_States_Grand_Prix
United States Grand Prix West,343,Long Beach,1981-03-15 00:00:00,80,1,https://en.wikipedia.org/wiki/1981_United_States_Grand_Prix_West
Brazilian Grand Prix,344,Autódromo Internacional Nelson Piquet,1981-03-29 00:00:00,80,2,https://en.wikipedia.org/wiki/1981_Brazilian_Grand_Prix
Argentine Grand Prix,345,Autódromo Juan y Oscar Gálvez,1981-04-12 00:00:00,80,3,https://en.wikipedia.org/wiki/1981_Argentine_Grand_Prix
San Marino Grand Prix,346,Autodromo Enzo e Dino Ferrari,1981-05-03 00:00:00,60,4,https://en.wikipedia.org/wiki/1981_San_Marino_Grand_Prix
Belgian Grand Prix,347,Zolder,1981-05-17 00:00:00,54,5,https://en.wikipedia.org/wiki/1981_Belgian_Grand_Prix
Monaco Grand Prix,348,Circuit de Monaco,1981-05-31 00:00:00,54,6,https://en.wikipedia.org/wiki/1981_Monaco_Grand_Prix
Spanish Grand Prix,349,Jarama,1981-06-21 00:00:00,54,7,https://en.wikipedia.org/wiki/1981_Spanish_Grand_Prix
French Grand Prix,350,Dijon-Prenois,1981-07-05 00:00:00,54,8,https://en.wikipedia.org/wiki/1981_French_Grand_Prix
British Grand Prix,351,Silverstone Circuit,1981-07-18 00:00:00,68,9,https://en.wikipedia.org/wiki/1981_British_Grand_Prix
German Grand Prix,352,Hockenheimring,1981-08-02 00:00:00,68,10,https://en.wikipedia.org/wiki/1981_German_Grand_Prix
Austrian Grand Prix,353,Red Bull Ring,1981-08-16 00:00:00,68,11,https://en.wikipedia.org/wiki/1981_Austrian_Grand_Prix
Dutch Grand Prix,354,Circuit Park Zandvoort,1981-08-30 00:00:00,72,12,https://en.wikipedia.org/wiki/1981_Dutch_Grand_Prix
Italian Grand Prix,355,Autodromo Nazionale di Monza,1981-09-13 00:00:00,72,13,https://en.wikipedia.org/wiki/1981_Italian_Grand_Prix
Canadian Grand Prix,356,Circuit Gilles Villeneuve,1981-09-27 00:00:00,72,14,https://en.wikipedia.org/wiki/1981_Canadian_Grand_Prix
Caesars Palace Grand Prix,357,Las Vegas Street Circuit,1981-10-17 00:00:00,72,15,https://en.wikipedia.org/wiki/1981_Caesars_Palace_Grand_Prix
South African Grand Prix,358,Kyalami,1982-01-23 00:00:00,77,1,https://en.wikipedia.org/wiki/1982_South_African_Grand_Prix
Brazilian Grand Prix,359,Autódromo Internacional Nelson Piquet,1982-03-21 00:00:00,63,2,https://en.wikipedia.org/wiki/1982_Brazilian_Grand_Prix
United States Grand Prix West,360,Long Beach,1982-04-04 00:00:00,75,3,https://en.wikipedia.org/wiki/1982_United_States_Grand_Prix_West
San Marino Grand Prix,361,Autodromo Enzo e Dino Ferrari,1982-04-25 00:00:00,60,4,https://en.wikipedia.org/wiki/1982_San_Marino_Grand_Prix
Belgian Grand Prix,362,Zolder,1982-05-09 00:00:00,70,5,https://en.wikipedia.org/wiki/1982_Belgian_Grand_Prix
Monaco Grand Prix,363,Circuit de Monaco,1982-05-23 00:00:00,76,6,https://en.wikipedia.org/wiki/1982_Monaco_Grand_Prix
Detroit Grand Prix,364,Detroit Street Circuit,1982-06-06 00:00:00,62,7,https://en.wikipedia.org/wiki/1982_Detroit_Grand_Prix
Canadian Grand Prix,365,Circuit Gilles Villeneuve,1982-06-13 00:00:00,62,8,https://en.wikipedia.org/wiki/1982_Canadian_Grand_Prix
Dutch Grand Prix,366,Circuit Park Zandvoort,1982-07-03 00:00:00,62,9,https://en.wikipedia.org/wiki/1982_Dutch_Grand_Prix
British Grand Prix,367,Brands Hatch,1982-07-18 00:00:00,62,10,https://en.wikipedia.org/wiki/1982_British_Grand_Prix
French Grand Prix,368,Circuit Paul Ricard,1982-07-25 00:00:00,54,11,https://en.wikipedia.org/wiki/1982_French_Grand_Prix
German Grand Prix,369,Hockenheimring,1982-08-08 00:00:00,54,12,https://en.wikipedia.org/wiki/1982_German_Grand_Prix
Austrian Grand Prix,370,Red Bull Ring,1982-08-15 00:00:00,54,13,https://en.wikipedia.org/wiki/1982_Austrian_Grand_Prix
Swiss Grand Prix,371,Dijon-Prenois,1982-08-29 00:00:00,54,14,https://en.wikipedia.org/wiki/1982_Swiss_Grand_Prix
Italian Grand Prix,372,Autodromo Nazionale di Monza,1982-09-12 00:00:00,52,15,https://en.wikipedia.org/wiki/1982_Italian_Grand_Prix
Caesars Palace Grand Prix,373,Las Vegas Street Circuit,1982-09-25 00:00:00,52,16,https://en.wikipedia.org/wiki/1982_Caesars_Palace_Grand_Prix
Brazilian Grand Prix,374,Autódromo Internacional Nelson Piquet,1983-03-13 00:00:00,63,1,https://en.wikipedia.org/wiki/1983_Brazilian_Grand_Prix
United States Grand Prix West,375,Long Beach,1983-03-27 00:00:00,75,2,https://en.wikipedia.org/wiki/1983_United_States_Grand_Prix_West
French Grand Prix,376,Circuit Paul Ricard,1983-04-17 00:00:00,75,3,https://en.wikipedia.org/wiki/1983_French_Grand_Prix
San Marino Grand Prix,377,Autodromo Enzo e Dino Ferrari,1983-05-01 00:00:00,75,4,https://en.wikipedia.org/wiki/1983_San_Marino_Grand_Prix
Monaco Grand Prix,378,Circuit de Monaco,1983-05-15 00:00:00,75,5,https://en.wikipedia.org/wiki/1983_Monaco_Grand_Prix
Belgian Grand Prix,379,Circuit de Spa-Francorchamps,1983-05-22 00:00:00,40,6,https://en.wikipedia.org/wiki/1983_Belgian_Grand_Prix
Detroit Grand Prix,380,Detroit Street Circuit,1983-06-05 00:00:00,60,7,https://en.wikipedia.org/wiki/1983_Detroit_Grand_Prix
Canadian Grand Prix,381,Circuit Gilles Villeneuve,1983-06-12 00:00:00,70,8,https://en.wikipedia.org/wiki/1983_Canadian_Grand_Prix
British Grand Prix,382,Silverstone Circuit,1983-07-16 00:00:00,67,9,https://en.wikipedia.org/wiki/1983_British_Grand_Prix
German Grand Prix,383,Hockenheimring,1983-08-07 00:00:00,67,10,https://en.wikipedia.org/wiki/1983_German_Grand_Prix
Austrian Grand Prix,384,Red Bull Ring,1983-08-14 00:00:00,67,11,https://en.wikipedia.org/wiki/1983_Austrian_Grand_Prix
Dutch Grand Prix,385,Circuit Park Zandvoort,1983-08-28 00:00:00,72,12,https://en.wikipedia.org/wiki/1983_Dutch_Grand_Prix
Italian Grand Prix,386,Autodromo Nazionale di Monza,1983-09-11 00:00:00,72,13,https://en.wikipedia.org/wiki/1983_Italian_Grand_Prix
European Grand Prix,387,Brands Hatch,1983-09-25 00:00:00,72,14,https://en.wikipedia.org/wiki/1983_European_Grand_Prix
South African Grand Prix,388,Kyalami,1983-10-15 00:00:00,77,15,https://en.wikipedia.org/wiki/1983_South_African_Grand_Prix
Brazilian Grand Prix,389,Autódromo Internacional Nelson Piquet,1984-03-25 00:00:00,77,1,https://en.wikipedia.org/wiki/1984_Brazilian_Grand_Prix
South African Grand Prix,390,Kyalami,1984-04-07 00:00:00,75,2,https://en.wikipedia.org/wiki/1984_South_African_Grand_Prix
Belgian Grand Prix,391,Zolder,1984-04-29 00:00:00,75,3,https://en.wikipedia.org/wiki/1984_Belgian_Grand_Prix
San Marino Grand Prix,392,Autodromo Enzo e Dino Ferrari,1984-05-06 00:00:00,75,4,https://en.wikipedia.org/wiki/1984_San_Marino_Grand_Prix
French Grand Prix,393,Dijon-Prenois,1984-05-20 00:00:00,75,5,https://en.wikipedia.org/wiki/1984_French_Grand_Prix
Monaco Grand Prix,394,Circuit de Monaco,1984-06-03 00:00:00,31,6,https://en.wikipedia.org/wiki/1984_Monaco_Grand_Prix
Canadian Grand Prix,395,Circuit Gilles Villeneuve,1984-06-17 00:00:00,70,7,https://en.wikipedia.org/wiki/1984_Canadian_Grand_Prix
Detroit Grand Prix,396,Detroit Street Circuit,1984-06-24 00:00:00,70,8,https://en.wikipedia.org/wiki/1984_Detroit_Grand_Prix
Dallas Grand Prix,397,Fair Park,1984-07-08 00:00:00,70,9,https://en.wikipedia.org/wiki/1984_Dallas_Grand_Prix
British Grand Prix,398,Brands Hatch,1984-07-22 00:00:00,71,10,https://en.wikipedia.org/wiki/1984_British_Grand_Prix
German Grand Prix,399,Hockenheimring,1984-08-05 00:00:00,44,11,https://en.wikipedia.org/wiki/1984_German_Grand_Prix
Austrian Grand Prix,400,Red Bull Ring,1984-08-19 00:00:00,51,12,https://en.wikipedia.org/wiki/1984_Austrian_Grand_Prix
Dutch Grand Prix,401,Circuit Park Zandvoort,1984-08-26 00:00:00,71,13,https://en.wikipedia.org/wiki/1984_Dutch_Grand_Prix
Italian Grand Prix,402,Autodromo Nazionale di Monza,1984-09-09 00:00:00,51,14,https://en.wikipedia.org/wiki/1984_Italian_Grand_Prix
European Grand Prix,403,Nürburgring,1984-10-07 00:00:00,51,15,https://en.wikipedia.org/wiki/1984_European_Grand_Prix
Portuguese Grand Prix,404,Autódromo do Estoril,1984-10-21 00:00:00,51,16,https://en.wikipedia.org/wiki/1984_Portuguese_Grand_Prix
Brazilian Grand Prix,405,Autódromo Internacional Nelson Piquet,1985-04-07 00:00:00,61,1,https://en.wikipedia.org/wiki/1985_Brazilian_Grand_Prix
Portuguese Grand Prix,406,Autódromo do Estoril,1985-04-21 00:00:00,67,2,https://en.wikipedia.org/wiki/1985_Portuguese_Grand_Prix
San Marino Grand Prix,407,Autodromo Enzo e Dino Ferrari,1985-05-05 00:00:00,60,3,https://en.wikipedia.org/wiki/1985_San_Marino_Grand_Prix
Monaco Grand Prix,408,Circuit de Monaco,1985-05-19 00:00:00,60,4,https://en.wikipedia.org/wiki/1985_Monaco_Grand_Prix
Canadian Grand Prix,409,Circuit Gilles Villeneuve,1985-06-16 00:00:00,60,5,https://en.wikipedia.org/wiki/1985_Canadian_Grand_Prix
Detroit Grand Prix,410,Detroit Street Circuit,1985-06-23 00:00:00,63,6,https://en.wikipedia.org/wiki/1985_Detroit_Grand_Prix
French Grand Prix,411,Circuit Paul Ricard,1985-07-07 00:00:00,63,7,https://en.wikipedia.org/wiki/1985_French_Grand_Prix
British Grand Prix,412,Silverstone Circuit,1985-07-21 00:00:00,63,8,https://en.wikipedia.org/wiki/1985_British_Grand_Prix
German Grand Prix,413,Nürburgring,1985-08-04 00:00:00,63,9,https://en.wikipedia.org/wiki/1985_German_Grand_Prix
Austrian Grand Prix,414,Red Bull Ring,1985-08-18 00:00:00,52,10,https://en.wikipedia.org/wiki/1985_Austrian_Grand_Prix
Dutch Grand Prix,415,Circuit Park Zandvoort,1985-08-25 00:00:00,70,11,https://en.wikipedia.org/wiki/1985_Dutch_Grand_Prix
Italian Grand Prix,416,Autodromo Nazionale di Monza,1985-09-08 00:00:00,70,12,https://en.wikipedia.org/wiki/1985_Italian_Grand_Prix
Belgian Grand Prix,417,Circuit de Spa-Francorchamps,1985-09-15 00:00:00,70,13,https://en.wikipedia.org/wiki/1985_Belgian_Grand_Prix
European Grand Prix,418,Brands Hatch,1985-10-06 00:00:00,75,14,https://en.wikipedia.org/wiki/1985_European_Grand_Prix
South African Grand Prix,419,Kyalami,1985-10-19 00:00:00,75,15,https://en.wikipedia.org/wiki/1985_South_African_Grand_Prix
Australian Grand Prix,420,Adelaide Street Circuit,1985-11-03 00:00:00,75,16,https://en.wikipedia.org/wiki/1985_Australian_Grand_Prix
Brazilian Grand Prix,421,Autódromo Internacional Nelson Piquet,1986-03-23 00:00:00,61,1,https://en.wikipedia.org/wiki/1986_Brazilian_Grand_Prix
Spanish Grand Prix,422,Circuito de Jerez,1986-04-13 00:00:00,72,2,https://en.wikipedia.org/wiki/1986_Spanish_Grand_Prix
San Marino Grand Prix,423,Autodromo Enzo e Dino Ferrari,1986-04-27 00:00:00,72,3,https://en.wikipedia.org/wiki/1986_San_Marino_Grand_Prix
Monaco Grand Prix,424,Circuit de Monaco,1986-05-11 00:00:00,72,4,https://en.wikipedia.org/wiki/1986_Monaco_Grand_Prix
Belgian Grand Prix,425,Circuit de Spa-Francorchamps,1986-05-25 00:00:00,72,5,https://en.wikipedia.org/wiki/1986_Belgian_Grand_Prix
Canadian Grand Prix,426,Circuit Gilles Villeneuve,1986-06-15 00:00:00,72,6,https://en.wikipedia.org/wiki/1986_Canadian_Grand_Prix
Detroit Grand Prix,427,Detroit Street Circuit,1986-06-22 00:00:00,63,7,https://en.wikipedia.org/wiki/1986_Detroit_Grand_Prix
French Grand Prix,428,Circuit Paul Ricard,1986-07-06 00:00:00,80,8,https://en.wikipedia.org/wiki/1986_French_Grand_Prix
British Grand Prix,429,Brands Hatch,1986-07-13 00:00:00,80,9,https://en.wikipedia.org/wiki/1986_British_Grand_Prix
German Grand Prix,430,Hockenheimring,1986-07-27 00:00:00,80,10,https://en.wikipedia.org/wiki/1986_German_Grand_Prix
Hungarian Grand Prix,431,Hungaroring,1986-08-10 00:00:00,80,11,https://en.wikipedia.org/wiki/1986_Hungarian_Grand_Prix
Austrian Grand Prix,432,Red Bull Ring,1986-08-17 00:00:00,52,12,https://en.wikipedia.org/wiki/1986_Austrian_Grand_Prix
Italian Grand Prix,433,Autodromo Nazionale di Monza,1986-09-07 00:00:00,52,13,https://en.wikipedia.org/wiki/1986_Italian_Grand_Prix
Portuguese Grand Prix,434,Autódromo do Estoril,1986-09-21 00:00:00,52,14,https://en.wikipedia.org/wiki/1986_Portuguese_Grand_Prix
Mexican Grand Prix,435,Autódromo Hermanos Rodríguez,1986-10-12 00:00:00,52,15,https://en.wikipedia.org/wiki/1986_Mexican_Grand_Prix
Australian Grand Prix,436,Adelaide Street Circuit,1986-10-26 00:00:00,82,16,https://en.wikipedia.org/wiki/1986_Australian_Grand_Prix
Brazilian Grand Prix,437,Autódromo Internacional Nelson Piquet,1987-04-12 00:00:00,61,1,https://en.wikipedia.org/wiki/1987_Brazilian_Grand_Prix
San Marino Grand Prix,438,Autodromo Enzo e Dino Ferrari,1987-05-03 00:00:00,61,2,https://en.wikipedia.org/wiki/1987_San_Marino_Grand_Prix
Belgian Grand Prix,439,Circuit de Spa-Francorchamps,1987-05-17 00:00:00,61,3,https://en.wikipedia.org/wiki/1987_Belgian_Grand_Prix
Monaco Grand Prix,440,Circuit de Monaco,1987-05-31 00:00:00,61,4,https://en.wikipedia.org/wiki/1987_Monaco_Grand_Prix
Detroit Grand Prix,441,Detroit Street Circuit,1987-06-21 00:00:00,63,5,https://en.wikipedia.org/wiki/1987_Detroit_Grand_Prix
French Grand Prix,442,Circuit Paul Ricard,1987-07-05 00:00:00,80,6,https://en.wikipedia.org/wiki/1987_French_Grand_Prix
British Grand Prix,443,Silverstone Circuit,1987-07-12 00:00:00,80,7,https://en.wikipedia.org/wiki/1987_British_Grand_Prix
German Grand Prix,444,Hockenheimring,1987-07-26 00:00:00,80,8,https://en.wikipedia.org/wiki/1987_German_Grand_Prix
Hungarian Grand Prix,445,Hungaroring,1987-08-09 00:00:00,76,9,https://en.wikipedia.org/wiki/1987_Hungarian_Grand_Prix
Austrian Grand Prix,446,Red Bull Ring,1987-08-16 00:00:00,76,10,https://en.wikipedia.org/wiki/1987_Austrian_Grand_Prix
Italian Grand Prix,447,Autodromo Nazionale di Monza,1987-09-06 00:00:00,76,11,https://en.wikipedia.org/wiki/1987_Italian_Grand_Prix
Portuguese Grand Prix,448,Autódromo do Estoril,1987-09-20 00:00:00,70,12,https://en.wikipedia.org/wiki/1987_Portuguese_Grand_Prix
Spanish Grand Prix,449,Circuito de Jerez,1987-09-27 00:00:00,72,13,https://en.wikipedia.org/wiki/1987_Spanish_Grand_Prix
Mexican Grand Prix,450,Autódromo Hermanos Rodríguez,1987-10-18 00:00:00,63,14,https://en.wikipedia.org/wiki/1987_Mexican_Grand_Prix
Japanese Grand Prix,451,Suzuka Circuit,1987-11-01 00:00:00,51,15,https://en.wikipedia.org/wiki/1987_Japanese_Grand_Prix
Australian Grand Prix,452,Adelaide Street Circuit,1987-11-15 00:00:00,51,16,https://en.wikipedia.org/wiki/1987_Australian_Grand_Prix
Brazilian Grand Prix,453,Autódromo Internacional Nelson Piquet,1988-04-03 00:00:00,60,1,https://en.wikipedia.org/wiki/1988_Brazilian_Grand_Prix
San Marino Grand Prix,454,Autodromo Enzo e Dino Ferrari,1988-05-01 00:00:00,60,2,https://en.wikipedia.org/wiki/1988_San_Marino_Grand_Prix
Monaco Grand Prix,455,Circuit de Monaco,1988-05-15 00:00:00,60,3,https://en.wikipedia.org/wiki/1988_Monaco_Grand_Prix
Mexican Grand Prix,456,Autódromo Hermanos Rodríguez,1988-05-29 00:00:00,60,4,https://en.wikipedia.org/wiki/1988_Mexican_Grand_Prix
Canadian Grand Prix,457,Circuit Gilles Villeneuve,1988-06-12 00:00:00,69,5,https://en.wikipedia.org/wiki/1988_Canadian_Grand_Prix
Detroit Grand Prix,458,Detroit Street Circuit,1988-06-19 00:00:00,63,6,https://en.wikipedia.org/wiki/1988_Detroit_Grand_Prix
French Grand Prix,459,Circuit Paul Ricard,1988-07-03 00:00:00,80,7,https://en.wikipedia.org/wiki/1988_French_Grand_Prix
British Grand Prix,460,Silverstone Circuit,1988-07-10 00:00:00,65,8,https://en.wikipedia.org/wiki/1988_British_Grand_Prix
German Grand Prix,461,Hockenheimring,1988-07-24 00:00:00,44,9,https://en.wikipedia.org/wiki/1988_German_Grand_Prix
Hungarian Grand Prix,462,Hungaroring,1988-08-07 00:00:00,44,10,https://en.wikipedia.org/wiki/1988_Hungarian_Grand_Prix
Belgian Grand Prix,463,Circuit de Spa-Francorchamps,1988-08-28 00:00:00,44,11,https://en.wikipedia.org/wiki/1988_Belgian_Grand_Prix
Italian Grand Prix,464,Autodromo Nazionale di Monza,1988-09-11 00:00:00,51,12,https://en.wikipedia.org/wiki/1988_Italian_Grand_Prix
Portuguese Grand Prix,465,Autódromo do Estoril,1988-09-25 00:00:00,51,13,https://en.wikipedia.org/wiki/1988_Portuguese_Grand_Prix
Spanish Grand Prix,466,Circuito de Jerez,1988-10-02 00:00:00,51,14,https://en.wikipedia.org/wiki/1988_Spanish_Grand_Prix
Japanese Grand Prix,467,Suzuka Circuit,1988-10-30 00:00:00,51,15,https://en.wikipedia.org/wiki/1988_Japanese_Grand_Prix
Australian Grand Prix,468,Adelaide Street Circuit,1988-11-13 00:00:00,82,16,https://en.wikipedia.org/wiki/1988_Australian_Grand_Prix
Brazilian Grand Prix,469,Autódromo Internacional Nelson Piquet,1989-03-26 00:00:00,82,1,https://en.wikipedia.org/wiki/1989_Brazilian_Grand_Prix
San Marino Grand Prix,470,Autodromo Enzo e Dino Ferrari,1989-04-23 00:00:00,58,2,https://en.wikipedia.org/wiki/1989_San_Marino_Grand_Prix
Monaco Grand Prix,471,Circuit de Monaco,1989-05-07 00:00:00,58,3,https://en.wikipedia.org/wiki/1989_Monaco_Grand_Prix
Mexican Grand Prix,472,Autódromo Hermanos Rodríguez,1989-05-28 00:00:00,58,4,https://en.wikipedia.org/wiki/1989_Mexican_Grand_Prix
United States Grand Prix,473,Phoenix street circuit,1989-06-04 00:00:00,58,5,https://en.wikipedia.org/wiki/1989_United_States_Grand_Prix
Canadian Grand Prix,474,Circuit Gilles Villeneuve,1989-06-18 00:00:00,69,6,https://en.wikipedia.org/wiki/1989_Canadian_Grand_Prix
French Grand Prix,475,Circuit Paul Ricard,1989-07-09 00:00:00,69,7,https://en.wikipedia.org/wiki/1989_French_Grand_Prix
British Grand Prix,476,Silverstone Circuit,1989-07-16 00:00:00,69,8,https://en.wikipedia.org/wiki/1989_British_Grand_Prix
German Grand Prix,477,Hockenheimring,1989-07-30 00:00:00,69,9,https://en.wikipedia.org/wiki/1989_German_Grand_Prix
Hungarian Grand Prix,478,Hungaroring,1989-08-13 00:00:00,77,10,https://en.wikipedia.org/wiki/1989_Hungarian_Grand_Prix
Belgian Grand Prix,479,Circuit de Spa-Francorchamps,1989-08-27 00:00:00,44,11,https://en.wikipedia.org/wiki/1989_Belgian_Grand_Prix
Italian Grand Prix,480,Autodromo Nazionale di Monza,1989-09-10 00:00:00,44,12,https://en.wikipedia.org/wiki/1989_Italian_Grand_Prix
Portuguese Grand Prix,481,Autódromo do Estoril,1989-09-24 00:00:00,44,13,https://en.wikipedia.org/wiki/1989_Portuguese_Grand_Prix
Spanish Grand Prix,482,Circuito de Jerez,1989-10-01 00:00:00,73,14,https://en.wikipedia.org/wiki/1989_Spanish_Grand_Prix
Japanese Grand Prix,483,Suzuka Circuit,1989-10-22 00:00:00,53,15,https://en.wikipedia.org/wiki/1989_Japanese_Grand_Prix
Australian Grand Prix,484,Adelaide Street Circuit,1989-11-05 00:00:00,70,16,https://en.wikipedia.org/wiki/1989_Australian_Grand_Prix
United States Grand Prix,485,Phoenix street circuit,1990-03-11 00:00:00,72,1,https://en.wikipedia.org/wiki/1990_United_States_Grand_Prix
Brazilian Grand Prix,486,Autódromo José Carlos Pace,1990-03-25 00:00:00,72,2,https://en.wikipedia.org/wiki/1990_Brazilian_Grand_Prix
San Marino Grand Prix,487,Autodromo Enzo e Dino Ferrari,1990-05-13 00:00:00,72,3,https://en.wikipedia.org/wiki/1990_San_Marino_Grand_Prix
Monaco Grand Prix,488,Circuit de Monaco,1990-05-27 00:00:00,78,4,https://en.wikipedia.org/wiki/1990_Monaco_Grand_Prix
Canadian Grand Prix,489,Circuit Gilles Villeneuve,1990-06-10 00:00:00,78,5,https://en.wikipedia.org/wiki/1990_Canadian_Grand_Prix
Mexican Grand Prix,490,Autódromo Hermanos Rodríguez,1990-06-24 00:00:00,78,6,https://en.wikipedia.org/wiki/1990_Mexican_Grand_Prix
French Grand Prix,491,Circuit Paul Ricard,1990-07-08 00:00:00,78,7,https://en.wikipedia.org/wiki/1990_French_Grand_Prix
British Grand Prix,492,Silverstone Circuit,1990-07-15 00:00:00,64,8,https://en.wikipedia.org/wiki/1990_British_Grand_Prix
German Grand Prix,493,Hockenheimring,1990-07-29 00:00:00,64,9,https://en.wikipedia.org/wiki/1990_German_Grand_Prix
Hungarian Grand Prix,494,Hungaroring,1990-08-12 00:00:00,64,10,https://en.wikipedia.org/wiki/1990_Hungarian_Grand_Prix
Belgian Grand Prix,495,Circuit de Spa-Francorchamps,1990-08-26 00:00:00,64,11,https://en.wikipedia.org/wiki/1990_Belgian_Grand_Prix
Italian Grand Prix,496,Autodromo Nazionale di Monza,1990-09-09 00:00:00,53,12,https://en.wikipedia.org/wiki/1990_Italian_Grand_Prix
Portuguese Grand Prix,497,Autódromo do Estoril,1990-09-23 00:00:00,53,13,https://en.wikipedia.org/wiki/1990_Portuguese_Grand_Prix
Spanish Grand Prix,498,Circuito de Jerez,1990-09-30 00:00:00,53,14,https://en.wikipedia.org/wiki/1990_Spanish_Grand_Prix
Japanese Grand Prix,499,Suzuka Circuit,1990-10-21 00:00:00,53,15,https://en.wikipedia.org/wiki/1990_Japanese_Grand_Prix
Australian Grand Prix,500,Adelaide Street Circuit,1990-11-04 00:00:00,81,16,https://en.wikipedia.org/wiki/1990_Australian_Grand_Prix
United States Grand Prix,501,Phoenix street circuit,1991-03-10 00:00:00,81,1,https://en.wikipedia.org/wiki/1991_United_States_Grand_Prix
Brazilian Grand Prix,502,Autódromo José Carlos Pace,1991-03-24 00:00:00,71,2,https://en.wikipedia.org/wiki/1991_Brazilian_Grand_Prix
San Marino Grand Prix,503,Autodromo Enzo e Dino Ferrari,1991-04-28 00:00:00,61,3,https://en.wikipedia.org/wiki/1991_San_Marino_Grand_Prix
Monaco Grand Prix,504,Circuit de Monaco,1991-05-12 00:00:00,78,4,https://en.wikipedia.org/wiki/1991_Monaco_Grand_Prix
Canadian Grand Prix,505,Circuit Gilles Villeneuve,1991-06-02 00:00:00,78,5,https://en.wikipedia.org/wiki/1991_Canadian_Grand_Prix
Mexican Grand Prix,506,Autódromo Hermanos Rodríguez,1991-06-16 00:00:00,78,6,https://en.wikipedia.org/wiki/1991_Mexican_Grand_Prix
French Grand Prix,507,Circuit de Nevers Magny-Cours,1991-07-07 00:00:00,78,7,https://en.wikipedia.org/wiki/1991_French_Grand_Prix
British Grand Prix,508,Silverstone Circuit,1991-07-14 00:00:00,78,8,https://en.wikipedia.org/wiki/1991_British_Grand_Prix
German Grand Prix,509,Hockenheimring,1991-07-28 00:00:00,45,9,https://en.wikipedia.org/wiki/1991_German_Grand_Prix
Hungarian Grand Prix,510,Hungaroring,1991-08-11 00:00:00,77,10,https://en.wikipedia.org/wiki/1991_Hungarian_Grand_Prix
Belgian Grand Prix,511,Circuit de Spa-Francorchamps,1991-08-25 00:00:00,44,11,https://en.wikipedia.org/wiki/1991_Belgian_Grand_Prix
Italian Grand Prix,512,Autodromo Nazionale di Monza,1991-09-08 00:00:00,44,12,https://en.wikipedia.org/wiki/1991_Italian_Grand_Prix
Portuguese Grand Prix,513,Autódromo do Estoril,1991-09-22 00:00:00,71,13,https://en.wikipedia.org/wiki/1991_Portuguese_Grand_Prix
Spanish Grand Prix,514,Circuit de Barcelona-Catalunya,1991-09-29 00:00:00,71,14,https://en.wikipedia.org/wiki/1991_Spanish_Grand_Prix
Japanese Grand Prix,515,Suzuka Circuit,1991-10-20 00:00:00,71,15,https://en.wikipedia.org/wiki/1991_Japanese_Grand_Prix
Australian Grand Prix,516,Adelaide Street Circuit,1991-11-03 00:00:00,14,16,https://en.wikipedia.org/wiki/1991_Australian_Grand_Prix
South African Grand Prix,517,Kyalami,1992-03-01 00:00:00,14,1,https://en.wikipedia.org/wiki/1992_South_African_Grand_Prix
Mexican Grand Prix,518,Autódromo Hermanos Rodríguez,1992-03-22 00:00:00,69,2,https://en.wikipedia.org/wiki/1992_Mexican_Grand_Prix
Brazilian Grand Prix,519,Autódromo José Carlos Pace,1992-04-05 00:00:00,69,3,https://en.wikipedia.org/wiki/1992_Brazilian_Grand_Prix
Spanish Grand Prix,520,Circuit de Barcelona-Catalunya,1992-05-03 00:00:00,69,4,https://en.wikipedia.org/wiki/1992_Spanish_Grand_Prix
San Marino Grand Prix,521,Autodromo Enzo e Dino Ferrari,1992-05-17 00:00:00,60,5,https://en.wikipedia.org/wiki/1992_San_Marino_Grand_Prix
Monaco Grand Prix,522,Circuit de Monaco,1992-05-31 00:00:00,60,6,https://en.wikipedia.org/wiki/1992_Monaco_Grand_Prix
Canadian Grand Prix,523,Circuit Gilles Villeneuve,1992-06-14 00:00:00,60,7,https://en.wikipedia.org/wiki/1992_Canadian_Grand_Prix
French Grand Prix,524,Circuit de Nevers Magny-Cours,1992-07-05 00:00:00,69,8,https://en.wikipedia.org/wiki/1992_French_Grand_Prix
British Grand Prix,525,Silverstone Circuit,1992-07-12 00:00:00,59,9,https://en.wikipedia.org/wiki/1992_British_Grand_Prix
German Grand Prix,526,Hockenheimring,1992-07-26 00:00:00,45,10,https://en.wikipedia.org/wiki/1992_German_Grand_Prix
Hungarian Grand Prix,527,Hungaroring,1992-08-16 00:00:00,45,11,https://en.wikipedia.org/wiki/1992_Hungarian_Grand_Prix
Belgian Grand Prix,528,Circuit de Spa-Francorchamps,1992-08-30 00:00:00,45,12,https://en.wikipedia.org/wiki/1992_Belgian_Grand_Prix
Italian Grand Prix,529,Autodromo Nazionale di Monza,1992-09-13 00:00:00,53,13,https://en.wikipedia.org/wiki/1992_Italian_Grand_Prix
Portuguese Grand Prix,530,Autódromo do Estoril,1992-09-27 00:00:00,71,14,https://en.wikipedia.org/wiki/1992_Portuguese_Grand_Prix
Japanese Grand Prix,531,Suzuka Circuit,1992-10-25 00:00:00,71,15,https://en.wikipedia.org/wiki/1992_Japanese_Grand_Prix
Australian Grand Prix,532,Adelaide Street Circuit,1992-11-08 00:00:00,71,16,https://en.wikipedia.org/wiki/1992_Australian_Grand_Prix
South African Grand Prix,533,Kyalami,1993-03-14 00:00:00,72,1,https://en.wikipedia.org/wiki/1993_South_African_Grand_Prix
Brazilian Grand Prix,534,Autódromo José Carlos Pace,1993-03-28 00:00:00,72,2,https://en.wikipedia.org/wiki/1993_Brazilian_Grand_Prix
European Grand Prix,535,Donington Park,1993-04-11 00:00:00,72,3,https://en.wikipedia.org/wiki/1993_European_Grand_Prix
San Marino Grand Prix,536,Autodromo Enzo e Dino Ferrari,1993-04-25 00:00:00,72,4,https://en.wikipedia.org/wiki/1993_San_Marino_Grand_Prix
Spanish Grand Prix,537,Circuit de Barcelona-Catalunya,1993-05-09 00:00:00,72,5,https://en.wikipedia.org/wiki/1993_Spanish_Grand_Prix
Monaco Grand Prix,538,Circuit de Monaco,1993-05-23 00:00:00,78,6,https://en.wikipedia.org/wiki/1993_Monaco_Grand_Prix
Canadian Grand Prix,539,Circuit Gilles Villeneuve,1993-06-13 00:00:00,69,7,https://en.wikipedia.org/wiki/1993_Canadian_Grand_Prix
French Grand Prix,540,Circuit de Nevers Magny-Cours,1993-07-04 00:00:00,72,8,https://en.wikipedia.org/wiki/1993_French_Grand_Prix
British Grand Prix,541,Silverstone Circuit,1993-07-11 00:00:00,72,9,https://en.wikipedia.org/wiki/1993_British_Grand_Prix
German Grand Prix,542,Hockenheimring,1993-07-25 00:00:00,72,10,https://en.wikipedia.org/wiki/1993_German_Grand_Prix
Hungarian Grand Prix,543,Hungaroring,1993-08-15 00:00:00,77,11,https://en.wikipedia.org/wiki/1993_Hungarian_Grand_Prix
Belgian Grand Prix,544,Circuit de Spa-Francorchamps,1993-08-29 00:00:00,77,12,https://en.wikipedia.org/wiki/1993_Belgian_Grand_Prix
Italian Grand Prix,545,Autodromo Nazionale di Monza,1993-09-12 00:00:00,77,13,https://en.wikipedia.org/wiki/1993_Italian_Grand_Prix
Portuguese Grand Prix,546,Autódromo do Estoril,1993-09-26 00:00:00,77,14,https://en.wikipedia.org/wiki/1993_Portuguese_Grand_Prix
Japanese Grand Prix,547,Suzuka Circuit,1993-10-24 00:00:00,77,15,https://en.wikipedia.org/wiki/1993_Japanese_Grand_Prix
Australian Grand Prix,548,Adelaide Street Circuit,1993-11-07 00:00:00,79,16,https://en.wikipedia.org/wiki/1993_Australian_Grand_Prix
Brazilian Grand Prix,549,Autódromo José Carlos Pace,1994-03-27 00:00:00,71,1,https://en.wikipedia.org/wiki/1994_Brazilian_Grand_Prix
Pacific Grand Prix,550,Okayama International Circuit,1994-04-17 00:00:00,71,2,https://en.wikipedia.org/wiki/1994_Pacific_Grand_Prix
San Marino Grand Prix,551,Autodromo Enzo e Dino Ferrari,1994-05-01 00:00:00,58,3,https://en.wikipedia.org/wiki/1994_San_Marino_Grand_Prix
Monaco Grand Prix,552,Circuit de Monaco,1994-05-15 00:00:00,58,4,https://en.wikipedia.org/wiki/1994_Monaco_Grand_Prix
Spanish Grand Prix,553,Circuit de Barcelona-Catalunya,1994-05-29 00:00:00,65,5,https://en.wikipedia.org/wiki/1994_Spanish_Grand_Prix
Canadian Grand Prix,554,Circuit Gilles Villeneuve,1994-06-12 00:00:00,65,6,https://en.wikipedia.org/wiki/1994_Canadian_Grand_Prix
French Grand Prix,555,Circuit de Nevers Magny-Cours,1994-07-03 00:00:00,65,7,https://en.wikipedia.org/wiki/1994_French_Grand_Prix
British Grand Prix,556,Silverstone Circuit,1994-07-10 00:00:00,65,8,https://en.wikipedia.org/wiki/1994_British_Grand_Prix
German Grand Prix,557,Hockenheimring,1994-07-31 00:00:00,45,9,https://en.wikipedia.org/wiki/1994_German_Grand_Prix
Hungarian Grand Prix,558,Hungaroring,1994-08-14 00:00:00,45,10,https://en.wikipedia.org/wiki/1994_Hungarian_Grand_Prix
Belgian Grand Prix,559,Circuit de Spa-Francorchamps,1994-08-28 00:00:00,44,11,https://en.wikipedia.org/wiki/1994_Belgian_Grand_Prix
Italian Grand Prix,560,Autodromo Nazionale di Monza,1994-09-11 00:00:00,53,12,https://en.wikipedia.org/wiki/1994_Italian_Grand_Prix
Portuguese Grand Prix,561,Autódromo do Estoril,1994-09-25 00:00:00,53,13,https://en.wikipedia.org/wiki/1994_Portuguese_Grand_Prix
European Grand Prix,562,Circuito de Jerez,1994-10-16 00:00:00,53,14,https://en.wikipedia.org/wiki/1994_European_Grand_Prix
Japanese Grand Prix,563,Suzuka Circuit,1994-11-06 00:00:00,50,15,https://en.wikipedia.org/wiki/1994_Japanese_Grand_Prix
Australian Grand Prix,564,Adelaide Street Circuit,1994-11-13 00:00:00,50,16,https://en.wikipedia.org/wiki/1994_Australian_Grand_Prix
Brazilian Grand Prix,565,Autódromo José Carlos Pace,1995-03-26 00:00:00,71,1,https://en.wikipedia.org/wiki/1995_Brazilian_Grand_Prix
Argentine Grand Prix,566,Autódromo Juan y Oscar Gálvez,1995-04-09 00:00:00,71,2,https://en.wikipedia.org/wiki/1995_Argentine_Grand_Prix
San Marino Grand Prix,567,Autodromo Enzo e Dino Ferrari,1995-04-30 00:00:00,71,3,https://en.wikipedia.org/wiki/1995_San_Marino_Grand_Prix
Spanish Grand Prix,568,Circuit de Barcelona-Catalunya,1995-05-14 00:00:00,65,4,https://en.wikipedia.org/wiki/1995_Spanish_Grand_Prix
Monaco Grand Prix,569,Circuit de Monaco,1995-05-28 00:00:00,65,5,https://en.wikipedia.org/wiki/1995_Monaco_Grand_Prix
Canadian Grand Prix,570,Circuit Gilles Villeneuve,1995-06-11 00:00:00,65,6,https://en.wikipedia.org/wiki/1995_Canadian_Grand_Prix
French Grand Prix,571,Circuit de Nevers Magny-Cours,1995-07-02 00:00:00,72,7,https://en.wikipedia.org/wiki/1995_French_Grand_Prix
British Grand Prix,572,Silverstone Circuit,1995-07-16 00:00:00,72,8,https://en.wikipedia.org/wiki/1995_British_Grand_Prix
German Grand Prix,573,Hockenheimring,1995-07-30 00:00:00,72,9,https://en.wikipedia.org/wiki/1995_German_Grand_Prix
Hungarian Grand Prix,574,Hungaroring,1995-08-13 00:00:00,72,10,https://en.wikipedia.org/wiki/1995_Hungarian_Grand_Prix
Belgian Grand Prix,575,Circuit de Spa-Francorchamps,1995-08-27 00:00:00,72,11,https://en.wikipedia.org/wiki/1995_Belgian_Grand_Prix
Italian Grand Prix,576,Autodromo Nazionale di Monza,1995-09-10 00:00:00,53,12,https://en.wikipedia.org/wiki/1995_Italian_Grand_Prix
Portuguese Grand Prix,577,Autódromo do Estoril,1995-09-24 00:00:00,53,13,https://en.wikipedia.org/wiki/1995_Portuguese_Grand_Prix
European Grand Prix,578,Nürburgring,1995-10-01 00:00:00,53,14,https://en.wikipedia.org/wiki/1995_European_Grand_Prix
Pacific Grand Prix,579,Okayama International Circuit,1995-10-22 00:00:00,83,15,https://en.wikipedia.org/wiki/1995_Pacific_Grand_Prix
Japanese Grand Prix,580,Suzuka Circuit,1995-10-29 00:00:00,83,16,https://en.wikipedia.org/wiki/1995_Japanese_Grand_Prix
Australian Grand Prix,581,Adelaide Street Circuit,1995-11-12 00:00:00,83,17,https://en.wikipedia.org/wiki/1995_Australian_Grand_Prix
Australian Grand Prix,582,Albert Park Grand Prix Circuit,1996-03-10 00:00:00,58,1,https://en.wikipedia.org/wiki/1996_Australian_Grand_Prix
Brazilian Grand Prix,583,Autódromo José Carlos Pace,1996-03-31 00:00:00,71,2,https://en.wikipedia.org/wiki/1996_Brazilian_Grand_Prix
Argentine Grand Prix,584,Autódromo Juan y Oscar Gálvez,1996-04-07 00:00:00,71,3,https://en.wikipedia.org/wiki/1996_Argentine_Grand_Prix
European Grand Prix,585,Nürburgring,1996-04-28 00:00:00,71,4,https://en.wikipedia.org/wiki/1996_European_Grand_Prix
San Marino Grand Prix,586,Autodromo Enzo e Dino Ferrari,1996-05-05 00:00:00,63,5,https://en.wikipedia.org/wiki/1996_San_Marino_Grand_Prix
Monaco Grand Prix,587,Circuit de Monaco,1996-05-19 00:00:00,63,6,https://en.wikipedia.org/wiki/1996_Monaco_Grand_Prix
Spanish Grand Prix,588,Circuit de Barcelona-Catalunya,1996-06-02 00:00:00,63,7,https://en.wikipedia.org/wiki/1996_Spanish_Grand_Prix
Canadian Grand Prix,589,Circuit Gilles Villeneuve,1996-06-16 00:00:00,63,8,https://en.wikipedia.org/wiki/1996_Canadian_Grand_Prix
French Grand Prix,590,Circuit de Nevers Magny-Cours,1996-06-30 00:00:00,72,9,https://en.wikipedia.org/wiki/1996_French_Grand_Prix
British Grand Prix,591,Silverstone Circuit,1996-07-14 00:00:00,72,10,https://en.wikipedia.org/wiki/1996_British_Grand_Prix
German Grand Prix,592,Hockenheimring,1996-07-28 00:00:00,72,11,https://en.wikipedia.org/wiki/1996_German_Grand_Prix
Hungarian Grand Prix,593,Hungaroring,1996-08-11 00:00:00,72,12,https://en.wikipedia.org/wiki/1996_Hungarian_Grand_Prix
Belgian Grand Prix,594,Circuit de Spa-Francorchamps,1996-08-25 00:00:00,44,13,https://en.wikipedia.org/wiki/1996_Belgian_Grand_Prix
Italian Grand Prix,595,Autodromo Nazionale di Monza,1996-09-08 00:00:00,44,14,https://en.wikipedia.org/wiki/1996_Italian_Grand_Prix
Portuguese Grand Prix,596,Autódromo do Estoril,1996-09-22 00:00:00,44,15,https://en.wikipedia.org/wiki/1996_Portuguese_Grand_Prix
Japanese Grand Prix,597,Suzuka Circuit,1996-10-13 00:00:00,44,16,https://en.wikipedia.org/wiki/1996_Japanese_Grand_Prix
Australian Grand Prix,598,Albert Park Grand Prix Circuit,1997-03-09 00:00:00,58,1,https://en.wikipedia.org/wiki/1997_Australian_Grand_Prix
Brazilian Grand Prix,599,Autódromo José Carlos Pace,1997-03-30 00:00:00,58,2,https://en.wikipedia.org/wiki/1997_Brazilian_Grand_Prix
Argentine Grand Prix,600,Autódromo Juan y Oscar Gálvez,1997-04-13 00:00:00,58,3,https://en.wikipedia.org/wiki/1997_Argentine_Grand_Prix
San Marino Grand Prix,601,Autodromo Enzo e Dino Ferrari,1997-04-27 00:00:00,58,4,https://en.wikipedia.org/wiki/1997_San_Marino_Grand_Prix
Monaco Grand Prix,602,Circuit de Monaco,1997-05-11 00:00:00,62,5,https://en.wikipedia.org/wiki/1997_Monaco_Grand_Prix
Spanish Grand Prix,603,Circuit de Barcelona-Catalunya,1997-05-25 00:00:00,64,6,https://en.wikipedia.org/wiki/1997_Spanish_Grand_Prix
Canadian Grand Prix,604,Circuit Gilles Villeneuve,1997-06-15 00:00:00,64,7,https://en.wikipedia.org/wiki/1997_Canadian_Grand_Prix
French Grand Prix,605,Circuit de Nevers Magny-Cours,1997-06-29 00:00:00,64,8,https://en.wikipedia.org/wiki/1997_French_Grand_Prix
British Grand Prix,606,Silverstone Circuit,1997-07-13 00:00:00,59,9,https://en.wikipedia.org/wiki/1997_British_Grand_Prix
German Grand Prix,607,Hockenheimring,1997-07-27 00:00:00,59,10,https://en.wikipedia.org/wiki/1997_German_Grand_Prix
Hungarian Grand Prix,608,Hungaroring,1997-08-10 00:00:00,59,11,https://en.wikipedia.org/wiki/1997_Hungarian_Grand_Prix
Belgian Grand Prix,609,Circuit de Spa-Francorchamps,1997-08-24 00:00:00,59,12,https://en.wikipedia.org/wiki/1997_Belgian_Grand_Prix
Italian Grand Prix,610,Autodromo Nazionale di Monza,1997-09-07 00:00:00,53,13,https://en.wikipedia.org/wiki/1997_Italian_Grand_Prix
Austrian Grand Prix,611,Red Bull Ring,1997-09-21 00:00:00,53,14,https://en.wikipedia.org/wiki/1997_Austrian_Grand_Prix
Luxembourg Grand Prix,612,Nürburgring,1997-09-28 00:00:00,53,15,https://en.wikipedia.org/wiki/1997_Luxembourg_Grand_Prix
Japanese Grand Prix,613,Suzuka Circuit,1997-10-12 00:00:00,53,16,https://en.wikipedia.org/wiki/1997_Japanese_Grand_Prix
European Grand Prix,614,Circuito de Jerez,1997-10-26 00:00:00,69,17,https://en.wikipedia.org/wiki/1997_European_Grand_Prix
Australian Grand Prix,615,Albert Park Grand Prix Circuit,1998-03-08 00:00:00,69,1,https://en.wikipedia.org/wiki/1998_Australian_Grand_Prix
Brazilian Grand Prix,616,Autódromo José Carlos Pace,1998-03-29 00:00:00,72,2,https://en.wikipedia.org/wiki/1998_Brazilian_Grand_Prix
Argentine Grand Prix,617,Autódromo Juan y Oscar Gálvez,1998-04-12 00:00:00,72,3,https://en.wikipedia.org/wiki/1998_Argentine_Grand_Prix
San Marino Grand Prix,618,Autodromo Enzo e Dino Ferrari,1998-04-26 00:00:00,72,4,https://en.wikipedia.org/wiki/1998_San_Marino_Grand_Prix
Spanish Grand Prix,619,Circuit de Barcelona-Catalunya,1998-05-10 00:00:00,65,5,https://en.wikipedia.org/wiki/1998_Spanish_Grand_Prix
Monaco Grand Prix,620,Circuit de Monaco,1998-05-24 00:00:00,78,6,https://en.wikipedia.org/wiki/1998_Monaco_Grand_Prix
Canadian Grand Prix,621,Circuit Gilles Villeneuve,1998-06-07 00:00:00,78,7,https://en.wikipedia.org/wiki/1998_Canadian_Grand_Prix
French Grand Prix,622,Circuit de Nevers Magny-Cours,1998-06-28 00:00:00,71,8,https://en.wikipedia.org/wiki/1998_French_Grand_Prix
British Grand Prix,623,Silverstone Circuit,1998-07-12 00:00:00,71,9,https://en.wikipedia.org/wiki/1998_British_Grand_Prix
Austrian Grand Prix,624,Red Bull Ring,1998-07-26 00:00:00,71,10,https://en.wikipedia.org/wiki/1998_Austrian_Grand_Prix
German Grand Prix,625,Hockenheimring,1998-08-02 00:00:00,71,11,https://en.wikipedia.org/wiki/1998_German_Grand_Prix
Hungarian Grand Prix,626,Hungaroring,1998-08-16 00:00:00,77,12,https://en.wikipedia.org/wiki/1998_Hungarian_Grand_Prix
Belgian Grand Prix,627,Circuit de Spa-Francorchamps,1998-08-30 00:00:00,77,13,https://en.wikipedia.org/wiki/1998_Belgian_Grand_Prix
Italian Grand Prix,628,Autodromo Nazionale di Monza,1998-09-13 00:00:00,77,14,https://en.wikipedia.org/wiki/1998_Italian_Grand_Prix
Luxembourg Grand Prix,629,Nürburgring,1998-09-27 00:00:00,77,15,https://en.wikipedia.org/wiki/1998_Luxembourg_Grand_Prix
Japanese Grand Prix,630,Suzuka Circuit,1998-11-01 00:00:00,77,16,https://en.wikipedia.org/wiki/1998_Japanese_Grand_Prix
Australian Grand Prix,631,Albert Park Grand Prix Circuit,1999-03-07 00:00:00,57,1,https://en.wikipedia.org/wiki/1999_Australian_Grand_Prix
Brazilian Grand Prix,632,Autódromo José Carlos Pace,1999-04-11 00:00:00,72,2,https://en.wikipedia.org/wiki/1999_Brazilian_Grand_Prix
San Marino Grand Prix,633,Autodromo Enzo e Dino Ferrari,1999-05-02 00:00:00,72,3,https://en.wikipedia.org/wiki/1999_San_Marino_Grand_Prix
Monaco Grand Prix,634,Circuit de Monaco,1999-05-16 00:00:00,72,4,https://en.wikipedia.org/wiki/1999_Monaco_Grand_Prix
Spanish Grand Prix,635,Circuit de Barcelona-Catalunya,1999-05-30 00:00:00,65,5,https://en.wikipedia.org/wiki/1999_Spanish_Grand_Prix
Canadian Grand Prix,636,Circuit Gilles Villeneuve,1999-06-13 00:00:00,69,6,https://en.wikipedia.org/wiki/1999_Canadian_Grand_Prix
French Grand Prix,637,Circuit de Nevers Magny-Cours,1999-06-27 00:00:00,69,7,https://en.wikipedia.org/wiki/1999_French_Grand_Prix
British Grand Prix,638,Silverstone Circuit,1999-07-11 00:00:00,69,8,https://en.wikipedia.org/wiki/1999_British_Grand_Prix
Austrian Grand Prix,639,Red Bull Ring,1999-07-25 00:00:00,69,9,https://en.wikipedia.org/wiki/1999_Austrian_Grand_Prix
German Grand Prix,640,Hockenheimring,1999-08-01 00:00:00,69,10,https://en.wikipedia.org/wiki/1999_German_Grand_Prix
Hungarian Grand Prix,641,Hungaroring,1999-08-15 00:00:00,77,11,https://en.wikipedia.org/wiki/1999_Hungarian_Grand_Prix
Belgian Grand Prix,642,Circuit de Spa-Francorchamps,1999-08-29 00:00:00,77,12,https://en.wikipedia.org/wiki/1999_Belgian_Grand_Prix
Italian Grand Prix,643,Autodromo Nazionale di Monza,1999-09-12 00:00:00,77,13,https://en.wikipedia.org/wiki/1999_Italian_Grand_Prix
European Grand Prix,644,Nürburgring,1999-09-26 00:00:00,77,14,https://en.wikipedia.org/wiki/1999_European_Grand_Prix
Malaysian Grand Prix,645,Sepang International Circuit,1999-10-17 00:00:00,56,15,https://en.wikipedia.org/wiki/1999_Malaysian_Grand_Prix
Japanese Grand Prix,646,Suzuka Circuit,1999-10-31 00:00:00,56,16,https://en.wikipedia.org/wiki/1999_Japanese_Grand_Prix
Australian Grand Prix,647,Albert Park Grand Prix Circuit,2000-03-12 00:00:00,58,1,https://en.wikipedia.org/wiki/2000_Australian_Grand_Prix
Brazilian Grand Prix,648,Autódromo José Carlos Pace,2000-03-26 00:00:00,58,2,https://en.wikipedia.org/wiki/2000_Brazilian_Grand_Prix
San Marino Grand Prix,649,Autodromo Enzo e Dino Ferrari,2000-04-09 00:00:00,58,3,https://en.wikipedia.org/wiki/2000_San_Marino_Grand_Prix
British Grand Prix,650,Silverstone Circuit,2000-04-23 00:00:00,58,4,https://en.wikipedia.org/wiki/2000_British_Grand_Prix
Spanish Grand Prix,651,Circuit de Barcelona-Catalunya,2000-05-07 00:00:00,58,5,https://en.wikipedia.org/wiki/2000_Spanish_Grand_Prix
European Grand Prix,652,Nürburgring,2000-05-21 00:00:00,67,6,https://en.wikipedia.org/wiki/2000_European_Grand_Prix
Monaco Grand Prix,653,Circuit de Monaco,2000-06-04 00:00:00,67,7,https://en.wikipedia.org/wiki/2000_Monaco_Grand_Prix
Canadian Grand Prix,654,Circuit Gilles Villeneuve,2000-06-18 00:00:00,67,8,https://en.wikipedia.org/wiki/2000_Canadian_Grand_Prix
French Grand Prix,655,Circuit de Nevers Magny-Cours,2000-07-02 00:00:00,72,9,https://en.wikipedia.org/wiki/2000_French_Grand_Prix
Austrian Grand Prix,656,Red Bull Ring,2000-07-16 00:00:00,72,10,https://en.wikipedia.org/wiki/2000_Austrian_Grand_Prix
German Grand Prix,657,Hockenheimring,2000-07-30 00:00:00,72,11,https://en.wikipedia.org/wiki/2000_German_Grand_Prix
Hungarian Grand Prix,658,Hungaroring,2000-08-13 00:00:00,72,12,https://en.wikipedia.org/wiki/2000_Hungarian_Grand_Prix
Belgian Grand Prix,659,Circuit de Spa-Francorchamps,2000-08-27 00:00:00,44,13,https://en.wikipedia.org/wiki/2000_Belgian_Grand_Prix
Italian Grand Prix,660,Autodromo Nazionale di Monza,2000-09-10 00:00:00,44,14,https://en.wikipedia.org/wiki/2000_Italian_Grand_Prix
United States Grand Prix,661,Indianapolis Motor Speedway,2000-09-24 00:00:00,44,15,https://en.wikipedia.org/wiki/2000_United_States_Grand_Prix
Japanese Grand Prix,662,Suzuka Circuit,2000-10-08 00:00:00,44,16,https://en.wikipedia.org/wiki/2000_Japanese_Grand_Prix
Malaysian Grand Prix,663,Sepang International Circuit,2000-10-22 00:00:00,56,17,https://en.wikipedia.org/wiki/2000_Malaysian_Grand_Prix
Australian Grand Prix,664,Albert Park Grand Prix Circuit,2001-03-04 00:00:00,56,1,https://en.wikipedia.org/wiki/2001_Australian_Grand_Prix
Malaysian Grand Prix,665,Sepang International Circuit,2001-03-18 00:00:00,55,2,https://en.wikipedia.org/wiki/2001_Malaysian_Grand_Prix
Brazilian Grand Prix,666,Autódromo José Carlos Pace,2001-04-01 00:00:00,55,3,https://en.wikipedia.org/wiki/2001_Brazilian_Grand_Prix
San Marino Grand Prix,667,Autodromo Enzo e Dino Ferrari,2001-04-15 00:00:00,55,4,https://en.wikipedia.org/wiki/2001_San_Marino_Grand_Prix
Spanish Grand Prix,668,Circuit de Barcelona-Catalunya,2001-04-29 00:00:00,55,5,https://en.wikipedia.org/wiki/2001_Spanish_Grand_Prix
Austrian Grand Prix,669,Red Bull Ring,2001-05-13 00:00:00,71,6,https://en.wikipedia.org/wiki/2001_Austrian_Grand_Prix
Monaco Grand Prix,670,Circuit de Monaco,2001-05-27 00:00:00,71,7,https://en.wikipedia.org/wiki/2001_Monaco_Grand_Prix
Canadian Grand Prix,671,Circuit Gilles Villeneuve,2001-06-10 00:00:00,71,8,https://en.wikipedia.org/wiki/2001_Canadian_Grand_Prix
European Grand Prix,672,Nürburgring,2001-06-24 00:00:00,71,9,https://en.wikipedia.org/wiki/2001_European_Grand_Prix
French Grand Prix,673,Circuit de Nevers Magny-Cours,2001-07-01 00:00:00,72,10,https://en.wikipedia.org/wiki/2001_French_Grand_Prix
British Grand Prix,674,Silverstone Circuit,2001-07-15 00:00:00,72,11,https://en.wikipedia.org/wiki/2001_British_Grand_Prix
German Grand Prix,675,Hockenheimring,2001-07-29 00:00:00,72,12,https://en.wikipedia.org/wiki/2001_German_Grand_Prix
Hungarian Grand Prix,676,Hungaroring,2001-08-19 00:00:00,72,13,https://en.wikipedia.org/wiki/2001_Hungarian_Grand_Prix
Belgian Grand Prix,677,Circuit de Spa-Francorchamps,2001-09-02 00:00:00,36,14,https://en.wikipedia.org/wiki/2001_Belgian_Grand_Prix
Italian Grand Prix,678,Autodromo Nazionale di Monza,2001-09-16 00:00:00,53,15,https://en.wikipedia.org/wiki/2001_Italian_Grand_Prix
United States Grand Prix,679,Indianapolis Motor Speedway,2001-09-30 00:00:00,53,16,https://en.wikipedia.org/wiki/2001_United_States_Grand_Prix
Japanese Grand Prix,680,Suzuka Circuit,2001-10-14 00:00:00,53,17,https://en.wikipedia.org/wiki/2001_Japanese_Grand_Prix
Australian Grand Prix,681,Albert Park Grand Prix Circuit,2002-03-03 00:00:00,58,1,https://en.wikipedia.org/wiki/2002_Australian_Grand_Prix
Malaysian Grand Prix,682,Sepang International Circuit,2002-03-17 00:00:00,56,2,https://en.wikipedia.org/wiki/2002_Malaysian_Grand_Prix
Brazilian Grand Prix,683,Autódromo José Carlos Pace,2002-03-31 00:00:00,56,3,https://en.wikipedia.org/wiki/2002_Brazilian_Grand_Prix
San Marino Grand Prix,684,Autodromo Enzo e Dino Ferrari,2002-04-14 00:00:00,56,4,https://en.wikipedia.org/wiki/2002_San_Marino_Grand_Prix
Spanish Grand Prix,685,Circuit de Barcelona-Catalunya,2002-04-28 00:00:00,56,5,https://en.wikipedia.org/wiki/2002_Spanish_Grand_Prix
Austrian Grand Prix,686,Red Bull Ring,2002-05-12 00:00:00,71,6,https://en.wikipedia.org/wiki/2002_Austrian_Grand_Prix
Monaco Grand Prix,687,Circuit de Monaco,2002-05-26 00:00:00,71,7,https://en.wikipedia.org/wiki/2002_Monaco_Grand_Prix
Canadian Grand Prix,688,Circuit Gilles Villeneuve,2002-06-09 00:00:00,71,8,https://en.wikipedia.org/wiki/2002_Canadian_Grand_Prix
European Grand Prix,689,Nürburgring,2002-06-23 00:00:00,71,9,https://en.wikipedia.org/wiki/2002_European_Grand_Prix
British Grand Prix,690,Silverstone Circuit,2002-07-07 00:00:00,60,10,https://en.wikipedia.org/wiki/2002_British_Grand_Prix
French Grand Prix,691,Circuit de Nevers Magny-Cours,2002-07-21 00:00:00,60,11,https://en.wikipedia.org/wiki/2002_French_Grand_Prix
German Grand Prix,692,Hockenheimring,2002-07-28 00:00:00,67,12,https://en.wikipedia.org/wiki/2002_German_Grand_Prix
Hungarian Grand Prix,693,Hungaroring,2002-08-18 00:00:00,67,13,https://en.wikipedia.org/wiki/2002_Hungarian_Grand_Prix
Belgian Grand Prix,694,Circuit de Spa-Francorchamps,2002-09-01 00:00:00,67,14,https://en.wikipedia.org/wiki/2002_Belgian_Grand_Prix
Italian Grand Prix,695,Autodromo Nazionale di Monza,2002-09-15 00:00:00,67,15,https://en.wikipedia.org/wiki/2002_Italian_Grand_Prix
United States Grand Prix,696,Indianapolis Motor Speedway,2002-09-29 00:00:00,73,16,https://en.wikipedia.org/wiki/2002_United_States_Grand_Prix
Japanese Grand Prix,697,Suzuka Circuit,2002-10-13 00:00:00,73,17,https://en.wikipedia.org/wiki/2002_Japanese_Grand_Prix
Australian Grand Prix,698,Albert Park Grand Prix Circuit,2003-03-09 00:00:00,58,1,https://en.wikipedia.org/wiki/2003_Australian_Grand_Prix
Malaysian Grand Prix,699,Sepang International Circuit,2003-03-23 00:00:00,58,2,https://en.wikipedia.org/wiki/2003_Malaysian_Grand_Prix
Brazilian Grand Prix,700,Autódromo José Carlos Pace,2003-04-06 00:00:00,58,3,https://en.wikipedia.org/wiki/2003_Brazilian_Grand_Prix
San Marino Grand Prix,701,Autodromo Enzo e Dino Ferrari,2003-04-20 00:00:00,58,4,https://en.wikipedia.org/wiki/2003_San_Marino_Grand_Prix
Spanish Grand Prix,702,Circuit de Barcelona-Catalunya,2003-05-04 00:00:00,65,5,https://en.wikipedia.org/wiki/2003_Spanish_Grand_Prix
Austrian Grand Prix,703,Red Bull Ring,2003-05-18 00:00:00,65,6,https://en.wikipedia.org/wiki/2003_Austrian_Grand_Prix
Monaco Grand Prix,704,Circuit de Monaco,2003-06-01 00:00:00,65,7,https://en.wikipedia.org/wiki/2003_Monaco_Grand_Prix
Canadian Grand Prix,705,Circuit Gilles Villeneuve,2003-06-15 00:00:00,65,8,https://en.wikipedia.org/wiki/2003_Canadian_Grand_Prix
European Grand Prix,706,Nürburgring,2003-06-29 00:00:00,60,9,https://en.wikipedia.org/wiki/2003_European_Grand_Prix
French Grand Prix,707,Circuit de Nevers Magny-Cours,2003-07-06 00:00:00,60,10,https://en.wikipedia.org/wiki/2003_French_Grand_Prix
British Grand Prix,708,Silverstone Circuit,2003-07-20 00:00:00,60,11,https://en.wikipedia.org/wiki/2003_British_Grand_Prix
German Grand Prix,709,Hockenheimring,2003-08-03 00:00:00,60,12,https://en.wikipedia.org/wiki/2003_German_Grand_Prix
Hungarian Grand Prix,710,Hungaroring,2003-08-24 00:00:00,60,13,https://en.wikipedia.org/wiki/2003_Hungarian_Grand_Prix
Italian Grand Prix,711,Autodromo Nazionale di Monza,2003-09-14 00:00:00,53,14,https://en.wikipedia.org/wiki/2003_Italian_Grand_Prix
United States Grand Prix,712,Indianapolis Motor Speedway,2003-09-28 00:00:00,53,15,https://en.wikipedia.org/wiki/2003_United_States_Grand_Prix
Japanese Grand Prix,713,Suzuka Circuit,2003-10-12 00:00:00,53,16,https://en.wikipedia.org/wiki/2003_Japanese_Grand_Prix
Australian Grand Prix,714,Albert Park Grand Prix Circuit,2004-03-07 00:00:00,58,1,https://en.wikipedia.org/wiki/2004_Australian_Grand_Prix
Malaysian Grand Prix,715,Sepang International Circuit,2004-03-21 00:00:00,58,2,https://en.wikipedia.org/wiki/2004_Malaysian_Grand_Prix
Bahrain Grand Prix,716,Bahrain International Circuit,2004-04-04 00:00:00,58,3,https://en.wikipedia.org/wiki/2004_Bahrain_Grand_Prix
San Marino Grand Prix,717,Autodromo Enzo e Dino Ferrari,2004-04-25 00:00:00,58,4,https://en.wikipedia.org/wiki/2004_San_Marino_Grand_Prix
Spanish Grand Prix,718,Circuit de Barcelona-Catalunya,2004-05-09 00:00:00,66,5,https://en.wikipedia.org/wiki/2004_Spanish_Grand_Prix
Monaco Grand Prix,719,Circuit de Monaco,2004-05-23 00:00:00,66,6,https://en.wikipedia.org/wiki/2004_Monaco_Grand_Prix
European Grand Prix,720,Nürburgring,2004-05-30 00:00:00,66,7,https://en.wikipedia.org/wiki/2004_European_Grand_Prix
Canadian Grand Prix,721,Circuit Gilles Villeneuve,2004-06-13 00:00:00,66,8,https://en.wikipedia.org/wiki/2004_Canadian_Grand_Prix
United States Grand Prix,722,Indianapolis Motor Speedway,2004-06-20 00:00:00,66,9,https://en.wikipedia.org/wiki/2004_United_States_Grand_Prix
French Grand Prix,723,Circuit de Nevers Magny-Cours,2004-07-04 00:00:00,70,10,https://en.wikipedia.org/wiki/2004_French_Grand_Prix
British Grand Prix,724,Silverstone Circuit,2004-07-11 00:00:00,70,11,https://en.wikipedia.org/wiki/2004_British_Grand_Prix
German Grand Prix,725,Hockenheimring,2004-07-25 00:00:00,70,12,https://en.wikipedia.org/wiki/2004_German_Grand_Prix
Hungarian Grand Prix,726,Hungaroring,2004-08-15 00:00:00,70,13,https://en.wikipedia.org/wiki/2004_Hungarian_Grand_Prix
Belgian Grand Prix,727,Circuit de Spa-Francorchamps,2004-08-29 00:00:00,44,14,https://en.wikipedia.org/wiki/2004_Belgian_Grand_Prix
Italian Grand Prix,728,Autodromo Nazionale di Monza,2004-09-12 00:00:00,44,15,https://en.wikipedia.org/wiki/2004_Italian_Grand_Prix
Chinese Grand Prix,729,Shanghai International Circuit,2004-09-26 00:00:00,44,16,https://en.wikipedia.org/wiki/2004_Chinese_Grand_Prix
Japanese Grand Prix,730,Suzuka Circuit,2004-10-10 00:00:00,44,17,https://en.wikipedia.org/wiki/2004_Japanese_Grand_Prix
Brazilian Grand Prix,731,Autódromo José Carlos Pace,2004-10-24 00:00:00,71,18,https://en.wikipedia.org/wiki/2004_Brazilian_Grand_Prix
Australian Grand Prix,732,Albert Park Grand Prix Circuit,2005-03-06 00:00:00,57,1,https://en.wikipedia.org/wiki/2005_Australian_Grand_Prix
Malaysian Grand Prix,733,Sepang International Circuit,2005-03-20 00:00:00,56,2,https://en.wikipedia.org/wiki/2005_Malaysian_Grand_Prix
Bahrain Grand Prix,734,Bahrain International Circuit,2005-04-03 00:00:00,57,3,https://en.wikipedia.org/wiki/2005_Bahrain_Grand_Prix
San Marino Grand Prix,735,Autodromo Enzo e Dino Ferrari,2005-04-24 00:00:00,62,4,https://en.wikipedia.org/wiki/2005_San_Marino_Grand_Prix
Spanish Grand Prix,736,Circuit de Barcelona-Catalunya,2005-05-08 00:00:00,66,5,https://en.wikipedia.org/wiki/2005_Spanish_Grand_Prix
Monaco Grand Prix,737,Circuit de Monaco,2005-05-22 00:00:00,78,6,https://en.wikipedia.org/wiki/2005_Monaco_Grand_Prix
European Grand Prix,738,Nürburgring,2005-05-29 00:00:00,78,7,https://en.wikipedia.org/wiki/2005_European_Grand_Prix
Canadian Grand Prix,739,Circuit Gilles Villeneuve,2005-06-12 00:00:00,78,8,https://en.wikipedia.org/wiki/2005_Canadian_Grand_Prix
United States Grand Prix,740,Indianapolis Motor Speedway,2005-06-19 00:00:00,73,9,https://en.wikipedia.org/wiki/2005_United_States_Grand_Prix
French Grand Prix,741,Circuit de Nevers Magny-Cours,2005-07-03 00:00:00,70,10,https://en.wikipedia.org/wiki/2005_French_Grand_Prix
British Grand Prix,742,Silverstone Circuit,2005-07-10 00:00:00,70,11,https://en.wikipedia.org/wiki/2005_British_Grand_Prix
German Grand Prix,743,Hockenheimring,2005-07-24 00:00:00,70,12,https://en.wikipedia.org/wiki/2005_German_Grand_Prix
Hungarian Grand Prix,744,Hungaroring,2005-07-31 00:00:00,70,13,https://en.wikipedia.org/wiki/2005_Hungarian_Grand_Prix
Turkish Grand Prix,745,Istanbul Park,2005-08-21 00:00:00,70,14,https://en.wikipedia.org/wiki/2005_Turkish_Grand_Prix
Italian Grand Prix,746,Autodromo Nazionale di Monza,2005-09-04 00:00:00,53,15,https://en.wikipedia.org/wiki/2005_Italian_Grand_Prix
Belgian Grand Prix,747,Circuit de Spa-Francorchamps,2005-09-11 00:00:00,53,16,https://en.wikipedia.org/wiki/2005_Belgian_Grand_Prix
Brazilian Grand Prix,748,Autódromo José Carlos Pace,2005-09-25 00:00:00,53,17,https://en.wikipedia.org/wiki/2005_Brazilian_Grand_Prix
Japanese Grand Prix,749,Suzuka Circuit,2005-10-09 00:00:00,53,18,https://en.wikipedia.org/wiki/2005_Japanese_Grand_Prix
Chinese Grand Prix,750,Shanghai International Circuit,2005-10-16 00:00:00,56,19,https://en.wikipedia.org/wiki/2005_Chinese_Grand_Prix
Bahrain Grand Prix,751,Bahrain International Circuit,2006-03-12 00:00:00,56,1,https://en.wikipedia.org/wiki/2006_Bahrain_Grand_Prix
Malaysian Grand Prix,752,Sepang International Circuit,2006-03-19 00:00:00,56,2,https://en.wikipedia.org/wiki/2006_Malaysian_Grand_Prix
Australian Grand Prix,753,Albert Park Grand Prix Circuit,2006-04-02 00:00:00,56,3,https://en.wikipedia.org/wiki/2006_Australian_Grand_Prix
San Marino Grand Prix,754,Autodromo Enzo e Dino Ferrari,2006-04-23 00:00:00,56,4,https://en.wikipedia.org/wiki/2006_San_Marino_Grand_Prix
European Grand Prix,755,Nürburgring,2006-05-07 00:00:00,60,5,https://en.wikipedia.org/wiki/2006_European_Grand_Prix
Spanish Grand Prix,756,Circuit de Barcelona-Catalunya,2006-05-14 00:00:00,60,6,https://en.wikipedia.org/wiki/2006_Spanish_Grand_Prix
Monaco Grand Prix,757,Circuit de Monaco,2006-05-28 00:00:00,60,7,https://en.wikipedia.org/wiki/2006_Monaco_Grand_Prix
British Grand Prix,758,Silverstone Circuit,2006-06-11 00:00:00,60,8,https://en.wikipedia.org/wiki/2006_British_Grand_Prix
Canadian Grand Prix,759,Circuit Gilles Villeneuve,2006-06-25 00:00:00,60,9,https://en.wikipedia.org/wiki/2006_Canadian_Grand_Prix
United States Grand Prix,760,Indianapolis Motor Speedway,2006-07-02 00:00:00,60,10,https://en.wikipedia.org/wiki/2006_United_States_Grand_Prix
French Grand Prix,761,Circuit de Nevers Magny-Cours,2006-07-16 00:00:00,70,11,https://en.wikipedia.org/wiki/2006_French_Grand_Prix
German Grand Prix,762,Hockenheimring,2006-07-30 00:00:00,70,12,https://en.wikipedia.org/wiki/2006_German_Grand_Prix
Hungarian Grand Prix,763,Hungaroring,2006-08-06 00:00:00,70,13,https://en.wikipedia.org/wiki/2006_Hungarian_Grand_Prix
Turkish Grand Prix,764,Istanbul Park,2006-08-27 00:00:00,70,14,https://en.wikipedia.org/wiki/2006_Turkish_Grand_Prix
Italian Grand Prix,765,Autodromo Nazionale di Monza,2006-09-10 00:00:00,53,15,https://en.wikipedia.org/wiki/2006_Italian_Grand_Prix
Chinese Grand Prix,766,Shanghai International Circuit,2006-10-01 00:00:00,53,16,https://en.wikipedia.org/wiki/2006_Chinese_Grand_Prix
Japanese Grand Prix,767,Suzuka Circuit,2006-10-08 00:00:00,53,17,https://en.wikipedia.org/wiki/2006_Japanese_Grand_Prix
Brazilian Grand Prix,768,Autódromo José Carlos Pace,2006-10-22 00:00:00,71,18,https://en.wikipedia.org/wiki/2006_Brazilian_Grand_Prix
Australian Grand Prix,769,Albert Park Grand Prix Circuit,2007-03-18 00:00:00,58,1,https://en.wikipedia.org/wiki/2007_Australian_Grand_Prix
Malaysian Grand Prix,770,Sepang International Circuit,2007-04-08 00:00:00,56,2,https://en.wikipedia.org/wiki/2007_Malaysian_Grand_Prix
Bahrain Grand Prix,771,Bahrain International Circuit,2007-04-15 00:00:00,57,3,https://en.wikipedia.org/wiki/2007_Bahrain_Grand_Prix
Spanish Grand Prix,772,Circuit de Barcelona-Catalunya,2007-05-13 00:00:00,57,4,https://en.wikipedia.org/wiki/2007_Spanish_Grand_Prix
Monaco Grand Prix,773,Circuit de Monaco,2007-05-27 00:00:00,57,5,https://en.wikipedia.org/wiki/2007_Monaco_Grand_Prix
Canadian Grand Prix,774,Circuit Gilles Villeneuve,2007-06-10 00:00:00,57,6,https://en.wikipedia.org/wiki/2007_Canadian_Grand_Prix
United States Grand Prix,775,Indianapolis Motor Speedway,2007-06-17 00:00:00,73,7,https://en.wikipedia.org/wiki/2007_United_States_Grand_Prix
French Grand Prix,776,Circuit de Nevers Magny-Cours,2007-07-01 00:00:00,70,8,https://en.wikipedia.org/wiki/2007_French_Grand_Prix
British Grand Prix,777,Silverstone Circuit,2007-07-08 00:00:00,70,9,https://en.wikipedia.org/wiki/2007_British_Grand_Prix
European Grand Prix,778,Nürburgring,2007-07-22 00:00:00,70,10,https://en.wikipedia.org/wiki/2007_European_Grand_Prix
Hungarian Grand Prix,779,Hungaroring,2007-08-05 00:00:00,70,11,https://en.wikipedia.org/wiki/2007_Hungarian_Grand_Prix
Turkish Grand Prix,780,Istanbul Park,2007-08-26 00:00:00,58,12,https://en.wikipedia.org/wiki/2007_Turkish_Grand_Prix
Italian Grand Prix,781,Autodromo Nazionale di Monza,2007-09-09 00:00:00,58,13,https://en.wikipedia.org/wiki/2007_Italian_Grand_Prix
Belgian Grand Prix,782,Circuit de Spa-Francorchamps,2007-09-16 00:00:00,58,14,https://en.wikipedia.org/wiki/2007_Belgian_Grand_Prix
Japanese Grand Prix,783,Fuji Speedway,2007-09-30 00:00:00,58,15,https://en.wikipedia.org/wiki/2007_Japanese_Grand_Prix
Chinese Grand Prix,784,Shanghai International Circuit,2007-10-07 00:00:00,56,16,https://en.wikipedia.org/wiki/2007_Chinese_Grand_Prix
Brazilian Grand Prix,785,Autódromo José Carlos Pace,2007-10-21 00:00:00,71,17,https://en.wikipedia.org/wiki/2007_Brazilian_Grand_Prix
Australian Grand Prix,786,Albert Park Grand Prix Circuit,2008-03-16 00:00:00,58,1,https://en.wikipedia.org/wiki/2008_Australian_Grand_Prix
Malaysian Grand Prix,787,Sepang International Circuit,2008-03-23 00:00:00,56,2,https://en.wikipedia.org/wiki/2008_Malaysian_Grand_Prix
Bahrain Grand Prix,788,Bahrain International Circuit,2008-04-06 00:00:00,56,3,https://en.wikipedia.org/wiki/2008_Bahrain_Grand_Prix
Spanish Grand Prix,789,Circuit de Barcelona-Catalunya,2008-04-27 00:00:00,56,4,https://en.wikipedia.org/wiki/2008_Spanish_Grand_Prix
Turkish Grand Prix,790,Istanbul Park,2008-05-11 00:00:00,56,5,https://en.wikipedia.org/wiki/2008_Turkish_Grand_Prix
Monaco Grand Prix,791,Circuit de Monaco,2008-05-25 00:00:00,76,6,https://en.wikipedia.org/wiki/2008_Monaco_Grand_Prix
Canadian Grand Prix,792,Circuit Gilles Villeneuve,2008-06-08 00:00:00,70,7,https://en.wikipedia.org/wiki/2008_Canadian_Grand_Prix
French Grand Prix,793,Circuit de Nevers Magny-Cours,2008-06-22 00:00:00,70,8,https://en.wikipedia.org/wiki/2008_French_Grand_Prix
British Grand Prix,794,Silverstone Circuit,2008-07-06 00:00:00,70,9,https://en.wikipedia.org/wiki/2008_British_Grand_Prix
German Grand Prix,795,Hockenheimring,2008-07-20 00:00:00,70,10,https://en.wikipedia.org/wiki/2008_German_Grand_Prix
Hungarian Grand Prix,796,Hungaroring,2008-08-03 00:00:00,70,11,https://en.wikipedia.org/wiki/2008_Hungarian_Grand_Prix
European Grand Prix,797,Valencia Street Circuit,2008-08-24 00:00:00,70,12,https://en.wikipedia.org/wiki/2008_European_Grand_Prix
Belgian Grand Prix,798,Circuit de Spa-Francorchamps,2008-09-07 00:00:00,70,13,https://en.wikipedia.org/wiki/2008_Belgian_Grand_Prix
Italian Grand Prix,799,Autodromo Nazionale di Monza,2008-09-14 00:00:00,70,14,https://en.wikipedia.org/wiki/2008_Italian_Grand_Prix
Singapore Grand Prix,800,Marina Bay Street Circuit,2008-09-28 00:00:00,61,15,https://en.wikipedia.org/wiki/2008_Singapore_Grand_Prix
Japanese Grand Prix,801,Fuji Speedway,2008-10-12 00:00:00,61,16,https://en.wikipedia.org/wiki/2008_Japanese_Grand_Prix
Chinese Grand Prix,802,Shanghai International Circuit,2008-10-19 00:00:00,61,17,https://en.wikipedia.org/wiki/2008_Chinese_Grand_Prix
Brazilian Grand Prix,803,Autódromo José Carlos Pace,2008-11-02 00:00:00,61,18,https://en.wikipedia.org/wiki/2008_Brazilian_Grand_Prix
Australian Grand Prix,804,Albert Park Grand Prix Circuit,2009-03-29 00:00:00,58,1,https://en.wikipedia.org/wiki/2009_Australian_Grand_Prix
Malaysian Grand Prix,805,Sepang International Circuit,2009-04-05 00:00:00,58,2,https://en.wikipedia.org/wiki/2009_Malaysian_Grand_Prix
Chinese Grand Prix,806,Shanghai International Circuit,2009-04-19 00:00:00,58,3,https://en.wikipedia.org/wiki/2009_Chinese_Grand_Prix
Bahrain Grand Prix,807,Bahrain International Circuit,2009-04-26 00:00:00,58,4,https://en.wikipedia.org/wiki/2009_Bahrain_Grand_Prix
Spanish Grand Prix,808,Circuit de Barcelona-Catalunya,2009-05-10 00:00:00,66,5,https://en.wikipedia.org/wiki/2009_Spanish_Grand_Prix
Monaco Grand Prix,809,Circuit de Monaco,2009-05-24 00:00:00,66,6,https://en.wikipedia.org/wiki/2009_Monaco_Grand_Prix
Turkish Grand Prix,810,Istanbul Park,2009-06-07 00:00:00,66,7,https://en.wikipedia.org/wiki/2009_Turkish_Grand_Prix
British Grand Prix,811,Silverstone Circuit,2009-06-21 00:00:00,66,8,https://en.wikipedia.org/wiki/2009_British_Grand_Prix
German Grand Prix,812,Nürburgring,2009-07-12 00:00:00,60,9,https://en.wikipedia.org/wiki/2009_German_Grand_Prix
Hungarian Grand Prix,813,Hungaroring,2009-07-26 00:00:00,60,10,https://en.wikipedia.org/wiki/2009_Hungarian_Grand_Prix
European Grand Prix,814,Valencia Street Circuit,2009-08-23 00:00:00,60,11,https://en.wikipedia.org/wiki/2009_European_Grand_Prix
Belgian Grand Prix,815,Circuit de Spa-Francorchamps,2009-08-30 00:00:00,44,12,https://en.wikipedia.org/wiki/2009_Belgian_Grand_Prix
Italian Grand Prix,816,Autodromo Nazionale di Monza,2009-09-13 00:00:00,44,13,https://en.wikipedia.org/wiki/2009_Italian_Grand_Prix
Singapore Grand Prix,817,Marina Bay Street Circuit,2009-09-27 00:00:00,44,14,https://en.wikipedia.org/wiki/2009_Singapore_Grand_Prix
Japanese Grand Prix,818,Suzuka Circuit,2009-10-04 00:00:00,53,15,https://en.wikipedia.org/wiki/2009_Japanese_Grand_Prix
Brazilian Grand Prix,819,Autódromo José Carlos Pace,2009-10-18 00:00:00,71,16,https://en.wikipedia.org/wiki/2009_Brazilian_Grand_Prix
Abu Dhabi Grand Prix,820,Yas Marina Circuit,2009-11-01 00:00:00,71,17,https://en.wikipedia.org/wiki/2009_Abu_Dhabi_Grand_Prix
Bahrain Grand Prix,821,Bahrain International Circuit,2010-03-14 00:00:00,49,1,https://en.wikipedia.org/wiki/2010_Bahrain_Grand_Prix
Australian Grand Prix,822,Albert Park Grand Prix Circuit,2010-03-28 00:00:00,49,2,https://en.wikipedia.org/wiki/2010_Australian_Grand_Prix
Malaysian Grand Prix,823,Sepang International Circuit,2010-04-04 00:00:00,49,3,https://en.wikipedia.org/wiki/2010_Malaysian_Grand_Prix
Chinese Grand Prix,824,Shanghai International Circuit,2010-04-18 00:00:00,49,4,https://en.wikipedia.org/wiki/2010_Chinese_Grand_Prix
Spanish Grand Prix,825,Circuit de Barcelona-Catalunya,2010-05-09 00:00:00,66,5,https://en.wikipedia.org/wiki/2010_Spanish_Grand_Prix
Monaco Grand Prix,826,Circuit de Monaco,2010-05-16 00:00:00,78,6,https://en.wikipedia.org/wiki/2010_Monaco_Grand_Prix
Turkish Grand Prix,827,Istanbul Park,2010-05-30 00:00:00,58,7,https://en.wikipedia.org/wiki/2010_Turkish_Grand_Prix
Canadian Grand Prix,828,Circuit Gilles Villeneuve,2010-06-13 00:00:00,70,8,https://en.wikipedia.org/wiki/2010_Canadian_Grand_Prix
European Grand Prix,829,Valencia Street Circuit,2010-06-27 00:00:00,57,9,https://en.wikipedia.org/wiki/2010_European_Grand_Prix
British Grand Prix,830,Silverstone Circuit,2010-07-11 00:00:00,57,10,https://en.wikipedia.org/wiki/2010_British_Grand_Prix
German Grand Prix,831,Hockenheimring,2010-07-25 00:00:00,57,11,https://en.wikipedia.org/wiki/2010_German_Grand_Prix
Hungarian Grand Prix,832,Hungaroring,2010-08-01 00:00:00,57,12,https://en.wikipedia.org/wiki/2010_Hungarian_Grand_Prix
Belgian Grand Prix,833,Circuit de Spa-Francorchamps,2010-08-29 00:00:00,57,13,https://en.wikipedia.org/wiki/2010_Belgian_Grand_Prix
Italian Grand Prix,834,Autodromo Nazionale di Monza,2010-09-12 00:00:00,53,14,https://en.wikipedia.org/wiki/2010_Italian_Grand_Prix
Singapore Grand Prix,835,Marina Bay Street Circuit,2010-09-26 00:00:00,53,15,https://en.wikipedia.org/wiki/2010_Singapore_Grand_Prix
Japanese Grand Prix,836,Suzuka Circuit,2010-10-10 00:00:00,53,16,https://en.wikipedia.org/wiki/2010_Japanese_Grand_Prix
Korean Grand Prix,837,Korean International Circuit,2010-10-24 00:00:00,53,17,https://en.wikipedia.org/wiki/2010_Korean_Grand_Prix
Brazilian Grand Prix,838,Autódromo José Carlos Pace,2010-11-07 00:00:00,71,18,https://en.wikipedia.org/wiki/2010_Brazilian_Grand_Prix
Abu Dhabi Grand Prix,839,Yas Marina Circuit,2010-11-14 00:00:00,55,19,https://en.wikipedia.org/wiki/2010_Abu_Dhabi_Grand_Prix
Australian Grand Prix,840,Albert Park Grand Prix Circuit,2011-03-27 00:00:00,55,1,https://en.wikipedia.org/wiki/2011_Australian_Grand_Prix
Malaysian Grand Prix,841,Sepang International Circuit,2011-04-10 00:00:00,56,2,https://en.wikipedia.org/wiki/2011_Malaysian_Grand_Prix
Chinese Grand Prix,842,Shanghai International Circuit,2011-04-17 00:00:00,56,3,https://en.wikipedia.org/wiki/2011_Chinese_Grand_Prix
Turkish Grand Prix,843,Istanbul Park,2011-05-08 00:00:00,56,4,https://en.wikipedia.org/wiki/2011_Turkish_Grand_Prix
Spanish Grand Prix,844,Circuit de Barcelona-Catalunya,2011-05-22 00:00:00,56,5,https://en.wikipedia.org/wiki/2011_Spanish_Grand_Prix
Monaco Grand Prix,845,Circuit de Monaco,2011-05-29 00:00:00,56,6,https://en.wikipedia.org/wiki/2011_Monaco_Grand_Prix
Canadian Grand Prix,846,Circuit Gilles Villeneuve,2011-06-12 00:00:00,70,7,https://en.wikipedia.org/wiki/2011_Canadian_Grand_Prix
European Grand Prix,847,Valencia Street Circuit,2011-06-26 00:00:00,70,8,https://en.wikipedia.org/wiki/2011_European_Grand_Prix
British Grand Prix,848,Silverstone Circuit,2011-07-10 00:00:00,70,9,https://en.wikipedia.org/wiki/2011_British_Grand_Prix
German Grand Prix,849,Nürburgring,2011-07-24 00:00:00,60,10,https://en.wikipedia.org/wiki/2011_German_Grand_Prix
Hungarian Grand Prix,850,Hungaroring,2011-07-31 00:00:00,60,11,https://en.wikipedia.org/wiki/2011_Hungarian_Grand_Prix
Belgian Grand Prix,851,Circuit de Spa-Francorchamps,2011-08-28 00:00:00,60,12,https://en.wikipedia.org/wiki/2011_Belgian_Grand_Prix
Italian Grand Prix,852,Autodromo Nazionale di Monza,2011-09-11 00:00:00,60,13,https://en.wikipedia.org/wiki/2011_Italian_Grand_Prix
Singapore Grand Prix,853,Marina Bay Street Circuit,2011-09-25 00:00:00,61,14,https://en.wikipedia.org/wiki/2011_Singapore_Grand_Prix
Japanese Grand Prix,854,Suzuka Circuit,2011-10-09 00:00:00,61,15,https://en.wikipedia.org/wiki/2011_Japanese_Grand_Prix
Korean Grand Prix,855,Korean International Circuit,2011-10-16 00:00:00,61,16,https://en.wikipedia.org/wiki/2011_Korean_Grand_Prix
Indian Grand Prix,856,Buddh International Circuit,2011-10-30 00:00:00,61,17,https://en.wikipedia.org/wiki/2011_Indian_Grand_Prix
Abu Dhabi Grand Prix,857,Yas Marina Circuit,2011-11-13 00:00:00,55,18,https://en.wikipedia.org/wiki/2011_Abu_Dhabi_Grand_Prix
Brazilian Grand Prix,858,Autódromo José Carlos Pace,2011-11-27 00:00:00,55,19,https://en.wikipedia.org/wiki/2011_Brazilian_Grand_Prix
Australian Grand Prix,859,Albert Park Grand Prix Circuit,2012-03-18 00:00:00,58,1,https://en.wikipedia.org/wiki/2012_Australian_Grand_Prix
Malaysian Grand Prix,860,Sepang International Circuit,2012-03-25 00:00:00,58,2,https://en.wikipedia.org/wiki/2012_Malaysian_Grand_Prix
Chinese Grand Prix,861,Shanghai International Circuit,2012-04-15 00:00:00,58,3,https://en.wikipedia.org/wiki/2012_Chinese_Grand_Prix
Bahrain Grand Prix,862,Bahrain International Circuit,2012-04-22 00:00:00,58,4,https://en.wikipedia.org/wiki/2012_Bahrain_Grand_Prix
Spanish Grand Prix,863,Circuit de Barcelona-Catalunya,2012-05-13 00:00:00,66,5,https://en.wikipedia.org/wiki/2012_Spanish_Grand_Prix
Monaco Grand Prix,864,Circuit de Monaco,2012-05-27 00:00:00,66,6,https://en.wikipedia.org/wiki/2012_Monaco_Grand_Prix
Canadian Grand Prix,865,Circuit Gilles Villeneuve,2012-06-10 00:00:00,66,7,https://en.wikipedia.org/wiki/2012_Canadian_Grand_Prix
European Grand Prix,866,Valencia Street Circuit,2012-06-24 00:00:00,66,8,https://en.wikipedia.org/wiki/2012_European_Grand_Prix
British Grand Prix,867,Silverstone Circuit,2012-07-08 00:00:00,52,9,https://en.wikipedia.org/wiki/2012_British_Grand_Prix
German Grand Prix,868,Hockenheimring,2012-07-22 00:00:00,52,10,https://en.wikipedia.org/wiki/2012_German_Grand_Prix
Hungarian Grand Prix,869,Hungaroring,2012-07-29 00:00:00,52,11,https://en.wikipedia.org/wiki/2012_Hungarian_Grand_Prix
Belgian Grand Prix,870,Circuit de Spa-Francorchamps,2012-09-02 00:00:00,52,12,https://en.wikipedia.org/wiki/2012_Belgian_Grand_Prix
Italian Grand Prix,871,Autodromo Nazionale di Monza,2012-09-09 00:00:00,53,13,https://en.wikipedia.org/wiki/2012_Italian_Grand_Prix
Singapore Grand Prix,872,Marina Bay Street Circuit,2012-09-23 00:00:00,53,14,https://en.wikipedia.org/wiki/2012_Singapore_Grand_Prix
Japanese Grand Prix,873,Suzuka Circuit,2012-10-07 00:00:00,53,15,https://en.wikipedia.org/wiki/2012_Japanese_Grand_Prix
Korean Grand Prix,874,Korean International Circuit,2012-10-14 00:00:00,53,16,https://en.wikipedia.org/wiki/2012_Korean_Grand_Prix
Indian Grand Prix,875,Buddh International Circuit,2012-10-28 00:00:00,60,17,https://en.wikipedia.org/wiki/2012_Indian_Grand_Prix
Abu Dhabi Grand Prix,876,Yas Marina Circuit,2012-11-04 00:00:00,55,18,https://en.wikipedia.org/wiki/2012_Abu_Dhabi_Grand_Prix
United States Grand Prix,877,Circuit of the Americas,2012-11-18 00:00:00,55,19,https://en.wikipedia.org/wiki/2012_United_States_Grand_Prix
Brazilian Grand Prix,878,Autódromo José Carlos Pace,2012-11-25 00:00:00,55,20,https://en.wikipedia.org/wiki/2012_Brazilian_Grand_Prix
Australian Grand Prix,879,Albert Park Grand Prix Circuit,2013-03-17 00:00:00,58,1,https://en.wikipedia.org/wiki/2013_Australian_Grand_Prix
Malaysian Grand Prix,880,Sepang International Circuit,2013-03-24 00:00:00,58,2,https://en.wikipedia.org/wiki/2013_Malaysian_Grand_Prix
Chinese Grand Prix,881,Shanghai International Circuit,2013-04-14 00:00:00,58,3,https://en.wikipedia.org/wiki/2013_Chinese_Grand_Prix
Bahrain Grand Prix,882,Bahrain International Circuit,2013-04-21 00:00:00,57,4,https://en.wikipedia.org/wiki/2013_Bahrain_Grand_Prix
Spanish Grand Prix,883,Circuit de Barcelona-Catalunya,2013-05-12 00:00:00,66,5,https://en.wikipedia.org/wiki/2013_Spanish_Grand_Prix
Monaco Grand Prix,884,Circuit de Monaco,2013-05-26 00:00:00,66,6,https://en.wikipedia.org/wiki/2013_Monaco_Grand_Prix
Canadian Grand Prix,885,Circuit Gilles Villeneuve,2013-06-09 00:00:00,66,7,https://en.wikipedia.org/wiki/2013_Canadian_Grand_Prix
British Grand Prix,886,Silverstone Circuit,2013-06-30 00:00:00,66,8,https://en.wikipedia.org/wiki/2013_British_Grand_Prix
German Grand Prix,887,Nürburgring,2013-07-07 00:00:00,60,9,https://en.wikipedia.org/wiki/2013_German_Grand_Prix
Hungarian Grand Prix,888,Hungaroring,2013-07-28 00:00:00,70,10,https://en.wikipedia.org/wiki/2013_Hungarian_Grand_Prix
Belgian Grand Prix,889,Circuit de Spa-Francorchamps,2013-08-25 00:00:00,70,11,https://en.wikipedia.org/wiki/2013_Belgian_Grand_Prix
Italian Grand Prix,890,Autodromo Nazionale di Monza,2013-09-08 00:00:00,70,12,https://en.wikipedia.org/wiki/2013_Italian_Grand_Prix
Singapore Grand Prix,891,Marina Bay Street Circuit,2013-09-22 00:00:00,70,13,https://en.wikipedia.org/wiki/2013_Singapore_Grand_Prix
Korean Grand Prix,892,Korean International Circuit,2013-10-06 00:00:00,70,14,https://en.wikipedia.org/wiki/2013_Korean_Grand_Prix
Japanese Grand Prix,893,Suzuka Circuit,2013-10-13 00:00:00,53,15,https://en.wikipedia.org/wiki/2013_Japanese_Grand_Prix
Indian Grand Prix,894,Buddh International Circuit,2013-10-27 00:00:00,53,16,https://en.wikipedia.org/wiki/2013_Indian_Grand_Prix
Abu Dhabi Grand Prix,895,Yas Marina Circuit,2013-11-03 00:00:00,53,17,https://en.wikipedia.org/wiki/2013_Abu_Dhabi_Grand_Prix
United States Grand Prix,896,Circuit of the Americas,2013-11-17 00:00:00,56,18,https://en.wikipedia.org/wiki/2013_United_States_Grand_Prix
Brazilian Grand Prix,897,Autódromo José Carlos Pace,2013-11-24 00:00:00,71,19,https://en.wikipedia.org/wiki/2013_Brazilian_Grand_Prix
Australian Grand Prix,898,Albert Park Grand Prix Circuit,2014-03-16 00:00:00,57,1,https://en.wikipedia.org/wiki/2014_Australian_Grand_Prix
Malaysian Grand Prix,899,Sepang International Circuit,2014-03-30 00:00:00,56,2,https://en.wikipedia.org/wiki/2014_Malaysian_Grand_Prix
Bahrain Grand Prix,900,Bahrain International Circuit,2014-04-06 00:00:00,56,3,https://en.wikipedia.org/wiki/2014_Bahrain_Grand_Prix
Chinese Grand Prix,901,Shanghai International Circuit,2014-04-20 00:00:00,56,4,https://en.wikipedia.org/wiki/2014_Chinese_Grand_Prix
Spanish Grand Prix,902,Circuit de Barcelona-Catalunya,2014-05-11 00:00:00,56,5,https://en.wikipedia.org/wiki/2014_Spanish_Grand_Prix
Monaco Grand Prix,903,Circuit de Monaco,2014-05-25 00:00:00,56,6,https://en.wikipedia.org/wiki/2014_Monaco_Grand_Prix
Canadian Grand Prix,904,Circuit Gilles Villeneuve,2014-06-08 00:00:00,70,7,https://en.wikipedia.org/wiki/2014_Canadian_Grand_Prix
Austrian Grand Prix,905,Red Bull Ring,2014-06-22 00:00:00,71,8,https://en.wikipedia.org/wiki/2014_Austrian_Grand_Prix
British Grand Prix,906,Silverstone Circuit,2014-07-06 00:00:00,52,9,https://en.wikipedia.org/wiki/2014_British_Grand_Prix
German Grand Prix,907,Hockenheimring,2014-07-20 00:00:00,67,10,https://en.wikipedia.org/wiki/2014_German_Grand_Prix
Hungarian Grand Prix,908,Hungaroring,2014-07-27 00:00:00,70,11,https://en.wikipedia.org/wiki/2014_Hungarian_Grand_Prix
Belgian Grand Prix,909,Circuit de Spa-Francorchamps,2014-08-24 00:00:00,44,12,https://en.wikipedia.org/wiki/2014_Belgian_Grand_Prix
Italian Grand Prix,910,Autodromo Nazionale di Monza,2014-09-07 00:00:00,53,13,https://en.wikipedia.org/wiki/2014_Italian_Grand_Prix
Singapore Grand Prix,911,Marina Bay Street Circuit,2014-09-21 00:00:00,53,14,https://en.wikipedia.org/wiki/2014_Singapore_Grand_Prix
Japanese Grand Prix,912,Suzuka Circuit,2014-10-05 00:00:00,53,15,https://en.wikipedia.org/wiki/2014_Japanese_Grand_Prix
Russian Grand Prix,913,Sochi Autodrom,2014-10-12 00:00:00,53,16,https://en.wikipedia.org/wiki/2014_Russian_Grand_Prix
United States Grand Prix,914,Circuit of the Americas,2014-11-02 00:00:00,53,17,https://en.wikipedia.org/wiki/2014_United_States_Grand_Prix
Brazilian Grand Prix,915,Autódromo José Carlos Pace,2014-11-09 00:00:00,53,18,https://en.wikipedia.org/wiki/2014_Brazilian_Grand_Prix
Abu Dhabi Grand Prix,916,Yas Marina Circuit,2014-11-23 00:00:00,55,19,https://en.wikipedia.org/wiki/2014_Abu_Dhabi_Grand_Prix
Australian Grand Prix,917,Albert Park Grand Prix Circuit,2015-03-15 00:00:00,55,1,https://en.wikipedia.org/wiki/2015_Australian_Grand_Prix
Malaysian Grand Prix,918,Sepang International Circuit,2015-03-29 00:00:00,56,2,https://en.wikipedia.org/wiki/2015_Malaysian_Grand_Prix
Chinese Grand Prix,919,Shanghai International Circuit,2015-04-12 00:00:00,56,3,https://en.wikipedia.org/wiki/2015_Chinese_Grand_Prix
Bahrain Grand Prix,920,Bahrain International Circuit,2015-04-19 00:00:00,56,4,https://en.wikipedia.org/wiki/2015_Bahrain_Grand_Prix
Spanish Grand Prix,921,Circuit de Barcelona-Catalunya,2015-05-10 00:00:00,56,5,https://en.wikipedia.org/wiki/2015_Spanish_Grand_Prix
Monaco Grand Prix,922,Circuit de Monaco,2015-05-24 00:00:00,78,6,https://en.wikipedia.org/wiki/2015_Monaco_Grand_Prix
Canadian Grand Prix,923,Circuit Gilles Villeneuve,2015-06-07 00:00:00,78,7,https://en.wikipedia.org/wiki/2015_Canadian_Grand_Prix
Austrian Grand Prix,924,Red Bull Ring,2015-06-21 00:00:00,78,8,https://en.wikipedia.org/wiki/2015_Austrian_Grand_Prix
British Grand Prix,925,Silverstone Circuit,2015-07-05 00:00:00,52,9,https://en.wikipedia.org/wiki/2015_British_Grand_Prix
Hungarian Grand Prix,926,Hungaroring,2015-07-26 00:00:00,52,10,https://en.wikipedia.org/wiki/2015_Hungarian_Grand_Prix
Belgian Grand Prix,927,Circuit de Spa-Francorchamps,2015-08-23 00:00:00,52,11,https://en.wikipedia.org/wiki/2015_Belgian_Grand_Prix
Italian Grand Prix,928,Autodromo Nazionale di Monza,2015-09-06 00:00:00,52,12,https://en.wikipedia.org/wiki/2015_Italian_Grand_Prix
Singapore Grand Prix,929,Marina Bay Street Circuit,2015-09-20 00:00:00,61,13,https://en.wikipedia.org/wiki/2015_Singapore_Grand_Prix
Japanese Grand Prix,930,Suzuka Circuit,2015-09-27 00:00:00,61,14,https://en.wikipedia.org/wiki/2015_Japanese_Grand_Prix
Russian Grand Prix,931,Sochi Autodrom,2015-10-11 00:00:00,61,15,https://en.wikipedia.org/wiki/2015_Russian_Grand_Prix
United States Grand Prix,932,Circuit of the Americas,2015-10-25 00:00:00,61,16,https://en.wikipedia.org/wiki/2015_United_States_Grand_Prix
Mexican Grand Prix,933,Autódromo Hermanos Rodríguez,2015-11-01 00:00:00,71,17,https://en.wikipedia.org/wiki/2015_Mexican_Grand_Prix
Brazilian Grand Prix,934,Autódromo José Carlos Pace,2015-11-15 00:00:00,71,18,https://en.wikipedia.org/wiki/2015_Brazilian_Grand_Prix
Abu Dhabi Grand Prix,935,Yas Marina Circuit,2015-11-29 00:00:00,71,19,https://en.wikipedia.org/wiki/2015_Abu_Dhabi_Grand_Prix
Australian Grand Prix,936,Albert Park Grand Prix Circuit,2016-03-20 00:00:00,57,1,https://en.wikipedia.org/wiki/2016_Australian_Grand_Prix
Bahrain Grand Prix,937,Bahrain International Circuit,2016-04-03 00:00:00,57,2,https://en.wikipedia.org/wiki/2016_Bahrain_Grand_Prix
Chinese Grand Prix,938,Shanghai International Circuit,2016-04-17 00:00:00,57,3,https://en.wikipedia.org/wiki/2016_Chinese_Grand_Prix
Russian Grand Prix,939,Sochi Autodrom,2016-05-01 00:00:00,57,4,https://en.wikipedia.org/wiki/2016_Russian_Grand_Prix
Spanish Grand Prix,940,Circuit de Barcelona-Catalunya,2016-05-15 00:00:00,66,5,https://en.wikipedia.org/wiki/2016_Spanish_Grand_Prix
Monaco Grand Prix,941,Circuit de Monaco,2016-05-29 00:00:00,66,6,https://en.wikipedia.org/wiki/2016_Monaco_Grand_Prix
Canadian Grand Prix,942,Circuit Gilles Villeneuve,2016-06-12 00:00:00,66,7,https://en.wikipedia.org/wiki/2016_Canadian_Grand_Prix
European Grand Prix,943,Baku City Circuit,2016-06-19 00:00:00,51,8,https://en.wikipedia.org/wiki/2016_European_Grand_Prix
Austrian Grand Prix,944,Red Bull Ring,2016-07-03 00:00:00,51,9,https://en.wikipedia.org/wiki/2016_Austrian_Grand_Prix
British Grand Prix,945,Silverstone Circuit,2016-07-10 00:00:00,51,10,https://en.wikipedia.org/wiki/2016_British_Grand_Prix
Hungarian Grand Prix,946,Hungaroring,2016-07-24 00:00:00,51,11,https://en.wikipedia.org/wiki/2016_Hungarian_Grand_Prix
German Grand Prix,947,Hockenheimring,2016-07-31 00:00:00,67,12,https://en.wikipedia.org/wiki/2016_German_Grand_Prix
Belgian Grand Prix,948,Circuit de Spa-Francorchamps,2016-08-28 00:00:00,44,13,https://en.wikipedia.org/wiki/2016_Belgian_Grand_Prix
Italian Grand Prix,949,Autodromo Nazionale di Monza,2016-09-04 00:00:00,53,14,https://en.wikipedia.org/wiki/2016_Italian_Grand_Prix
Singapore Grand Prix,950,Marina Bay Street Circuit,2016-09-18 00:00:00,61,15,https://en.wikipedia.org/wiki/2016_Singapore_Grand_Prix
Malaysian Grand Prix,951,Sepang International Circuit,2016-10-02 00:00:00,61,16,https://en.wikipedia.org/wiki/2016_Malaysian_Grand_Prix
Japanese Grand Prix,952,Suzuka Circuit,2016-10-09 00:00:00,61,17,https://en.wikipedia.org/wiki/2016_Japanese_Grand_Prix
United States Grand Prix,953,Circuit of the Americas,2016-10-23 00:00:00,61,18,https://en.wikipedia.org/wiki/2016_United_States_Grand_Prix
Mexican Grand Prix,954,Autódromo Hermanos Rodríguez,2016-10-30 00:00:00,71,19,https://en.wikipedia.org/wiki/2016_Mexican_Grand_Prix
Brazilian Grand Prix,955,Autódromo José Carlos Pace,2016-11-13 00:00:00,71,20,https://en.wikipedia.org/wiki/2016_Brazilian_Grand_Prix
Abu Dhabi Grand Prix,956,Yas Marina Circuit,2016-11-27 00:00:00,55,21,https://en.wikipedia.org/wiki/2016_Abu_Dhabi_Grand_Prix
Australian Grand Prix,957,Albert Park Grand Prix Circuit,2017-03-26 00:00:00,57,1,https://en.wikipedia.org/wiki/2017_Australian_Grand_Prix
Chinese Grand Prix,958,Shanghai International Circuit,2017-04-09 00:00:00,56,2,https://en.wikipedia.org/wiki/2017_Chinese_Grand_Prix
Bahrain Grand Prix,959,Bahrain International Circuit,2017-04-16 00:00:00,56,3,https://en.wikipedia.org/wiki/2017_Bahrain_Grand_Prix
Russian Grand Prix,960,Sochi Autodrom,2017-04-30 00:00:00,56,4,https://en.wikipedia.org/wiki/2017_Russian_Grand_Prix
Spanish Grand Prix,961,Circuit de Barcelona-Catalunya,2017-05-14 00:00:00,56,5,https://en.wikipedia.org/wiki/2017_Spanish_Grand_Prix
Monaco Grand Prix,962,Circuit de Monaco,2017-05-28 00:00:00,78,6,https://en.wikipedia.org/wiki/2017_Monaco_Grand_Prix
Canadian Grand Prix,963,Circuit Gilles Villeneuve,2017-06-11 00:00:00,78,7,https://en.wikipedia.org/wiki/2017_Canadian_Grand_Prix
Azerbaijan Grand Prix,964,Baku City Circuit,2017-06-25 00:00:00,78,8,https://en.wikipedia.org/wiki/2017_Azerbaijan_Grand_Prix
Austrian Grand Prix,965,Red Bull Ring,2017-07-09 00:00:00,78,9,https://en.wikipedia.org/wiki/2017_Austrian_Grand_Prix
British Grand Prix,966,Silverstone Circuit,2017-07-16 00:00:00,78,10,https://en.wikipedia.org/wiki/2017_British_Grand_Prix
Hungarian Grand Prix,967,Hungaroring,2017-07-30 00:00:00,70,11,https://en.wikipedia.org/wiki/2017_Hungarian_Grand_Prix
Belgian Grand Prix,968,Circuit de Spa-Francorchamps,2017-08-27 00:00:00,70,12,https://en.wikipedia.org/wiki/2017_Belgian_Grand_Prix
Italian Grand Prix,969,Autodromo Nazionale di Monza,2017-09-03 00:00:00,53,13,https://en.wikipedia.org/wiki/2017_Italian_Grand_Prix
Singapore Grand Prix,970,Marina Bay Street Circuit,2017-09-17 00:00:00,53,14,https://en.wikipedia.org/wiki/2017_Singapore_Grand_Prix
Malaysian Grand Prix,971,Sepang International Circuit,2017-10-01 00:00:00,53,15,https://en.wikipedia.org/wiki/2017_Malaysian_Grand_Prix
Japanese Grand Prix,972,Suzuka Circuit,2017-10-08 00:00:00,53,16,https://en.wikipedia.org/wiki/2017_Japanese_Grand_Prix
United States Grand Prix,973,Circuit of the Americas,2017-10-22 00:00:00,56,17,https://en.wikipedia.org/wiki/2017_United_States_Grand_Prix
Mexican Grand Prix,974,Autódromo Hermanos Rodríguez,2017-10-29 00:00:00,71,18,https://en.wikipedia.org/wiki/2017_Mexican_Grand_Prix
Brazilian Grand Prix,975,Autódromo José Carlos Pace,2017-11-12 00:00:00,71,19,https://en.wikipedia.org/wiki/2017_Brazilian_Grand_Prix
Abu Dhabi Grand Prix,976,Yas Marina Circuit,2017-11-26 00:00:00,55,20,https://en.wikipedia.org/wiki/2017_Abu_Dhabi_Grand_Prix
Australian Grand Prix,977,Albert Park Grand Prix Circuit,2018-03-25 00:00:00,58,1,https://en.wikipedia.org/wiki/2018_Australian_Grand_Prix
Bahrain Grand Prix,978,Bahrain International Circuit,2018-04-08 00:00:00,58,2,https://en.wikipedia.org/wiki/2018_Bahrain_Grand_Prix
Chinese Grand Prix,979,Shanghai International Circuit,2018-04-15 00:00:00,58,3,https://en.wikipedia.org/wiki/2018_Chinese_Grand_Prix
Azerbaijan Grand Prix,980,Baku City Circuit,2018-04-29 00:00:00,58,4,https://en.wikipedia.org/wiki/2018_Azerbaijan_Grand_Prix
Spanish Grand Prix,981,Circuit de Barcelona-Catalunya,2018-05-13 00:00:00,66,5,https://en.wikipedia.org/wiki/2018_Spanish_Grand_Prix
Monaco Grand Prix,982,Circuit de Monaco,2018-05-27 00:00:00,66,6,https://en.wikipedia.org/wiki/2018_Monaco_Grand_Prix
Canadian Grand Prix,983,Circuit Gilles Villeneuve,2018-06-10 00:00:00,66,7,https://en.wikipedia.org/wiki/2018_Canadian_Grand_Prix
French Grand Prix,984,Circuit Paul Ricard,2018-06-24 00:00:00,66,8,https://en.wikipedia.org/wiki/2018_French_Grand_Prix
Austrian Grand Prix,985,Red Bull Ring,2018-07-01 00:00:00,66,9,https://en.wikipedia.org/wiki/2018_Austrian_Grand_Prix
British Grand Prix,986,Silverstone Circuit,2018-07-08 00:00:00,52,10,https://en.wikipedia.org/wiki/2018_British_Grand_Prix
German Grand Prix,987,Hockenheimring,2018-07-22 00:00:00,67,11,https://en.wikipedia.org/wiki/2018_German_Grand_Prix
Hungarian Grand Prix,988,Hungaroring,2018-07-29 00:00:00,67,12,https://en.wikipedia.org/wiki/2018_Hungarian_Grand_Prix
Belgian Grand Prix,989,Circuit de Spa-Francorchamps,2018-08-26 00:00:00,67,13,https://en.wikipedia.org/wiki/2018_Belgian_Grand_Prix
Italian Grand Prix,990,Autodromo Nazionale di Monza,2018-09-02 00:00:00,53,14,https://en.wikipedia.org/wiki/2018_Italian_Grand_Prix
Singapore Grand Prix,991,Marina Bay Street Circuit,2018-09-16 00:00:00,53,15,https://en.wikipedia.org/wiki/2018_Singapore_Grand_Prix
Russian Grand Prix,992,Sochi Autodrom,2018-09-30 00:00:00,53,16,https://en.wikipedia.org/wiki/2018_Russian_Grand_Prix
Japanese Grand Prix,993,Suzuka Circuit,2018-10-07 00:00:00,53,17,https://en.wikipedia.org/wiki/2018_Japanese_Grand_Prix
United States Grand Prix,994,Circuit of the Americas,2018-10-21 00:00:00,53,18,https://en.wikipedia.org/wiki/2018_United_States_Grand_Prix
Mexican Grand Prix,995,Autódromo Hermanos Rodríguez,2018-10-28 00:00:00,53,19,https://en.wikipedia.org/wiki/2018_Mexican_Grand_Prix
Brazilian Grand Prix,996,Autódromo José Carlos Pace,2018-11-11 00:00:00,53,20,https://en.wikipedia.org/wiki/2018_Brazilian_Grand_Prix
Abu Dhabi Grand Prix,997,Yas Marina Circuit,2018-11-25 00:00:00,55,21,https://en.wikipedia.org/wiki/2018_Abu_Dhabi_Grand_Prix
Australian Grand Prix,998,Albert Park Grand Prix Circuit,2019-03-17 00:00:00,58,1,https://en.wikipedia.org/wiki/2019_Australian_Grand_Prix
Bahrain Grand Prix,999,Bahrain International Circuit,2019-03-31 00:00:00,57,2,https://en.wikipedia.org/wiki/2019_Bahrain_Grand_Prix
Chinese Grand Prix,1000,Shanghai International Circuit,2019-04-14 00:00:00,57,3,https://en.wikipedia.org/wiki/2019_Chinese_Grand_Prix
Azerbaijan Grand Prix,1001,Baku City Circuit,2019-04-28 00:00:00,57,4,https://en.wikipedia.org/wiki/2019_Azerbaijan_Grand_Prix
Spanish Grand Prix,1002,Circuit de Barcelona-Catalunya,2019-05-12 00:00:00,57,5,https://en.wikipedia.org/wiki/2019_Spanish_Grand_Prix
Monaco Grand Prix,1003,Circuit de Monaco,2019-05-26 00:00:00,78,6,https://en.wikipedia.org/wiki/2019_Monaco_Grand_Prix
Canadian Grand Prix,1004,Circuit Gilles Villeneuve,2019-06-09 00:00:00,70,7,https://en.wikipedia.org/wiki/2019_Canadian_Grand_Prix
French Grand Prix,1005,Circuit Paul Ricard,2019-06-23 00:00:00,70,8,https://en.wikipedia.org/wiki/2019_French_Grand_Prix
Austrian Grand Prix,1006,Red Bull Ring,2019-06-30 00:00:00,70,9,https://en.wikipedia.org/wiki/2019_Austrian_Grand_Prix
British Grand Prix,1007,Silverstone Circuit,2019-07-14 00:00:00,52,10,https://en.wikipedia.org/wiki/2019_British_Grand_Prix
German Grand Prix,1008,Hockenheimring,2019-07-28 00:00:00,64,11,https://en.wikipedia.org/wiki/2019_German_Grand_Prix
Hungarian Grand Prix,1009,Hungaroring,2019-08-04 00:00:00,64,12,https://en.wikipedia.org/wiki/2019_Hungarian_Grand_Prix
Belgian Grand Prix,1010,Circuit de Spa-Francorchamps,2019-09-01 00:00:00,64,13,https://en.wikipedia.org/wiki/2019_Belgian_Grand_Prix
Italian Grand Prix,1011,Autodromo Nazionale di Monza,2019-09-08 00:00:00,64,14,https://en.wikipedia.org/wiki/2019_Italian_Grand_Prix
Singapore Grand Prix,1012,Marina Bay Street Circuit,2019-09-22 00:00:00,61,15,https://en.wikipedia.org/wiki/2019_Singapore_Grand_Prix
Russian Grand Prix,1013,Sochi Autodrom,2019-09-29 00:00:00,53,16,https://en.wikipedia.org/wiki/2019_Russian_Grand_Prix
Japanese Grand Prix,1014,Suzuka Circuit,2019-10-13 00:00:00,53,17,https://en.wikipedia.org/wiki/2019_Japanese_Grand_Prix
Mexican Grand Prix,1015,Autódromo Hermanos Rodríguez,2019-10-27 00:00:00,71,18,https://en.wikipedia.org/wiki/2019_Mexican_Grand_Prix
United States Grand Prix,1016,Circuit of the Americas,2019-11-03 00:00:00,71,19,https://en.wikipedia.org/wiki/2019_United_States_Grand_Prix
Brazilian Grand Prix,1017,Autódromo José Carlos Pace,2019-11-17 00:00:00,71,20,https://en.wikipedia.org/wiki/2019_Brazilian_Grand_Prix
Abu Dhabi Grand Prix,1018,Yas Marina Circuit,2019-12-01 00:00:00,71,21,https://en.wikipedia.org/wiki/2019_Abu_Dhabi_Grand_Prix
Austrian Grand Prix,1019,Red Bull Ring,2020-07-05 00:00:00,71,1,https://en.wikipedia.org/wiki/2020_Austrian_Grand_Prix
Styrian Grand Prix,1020,Red Bull Ring,2020-07-12 00:00:00,71,2,https://en.wikipedia.org/wiki/2020_Styrian_Grand_Prix
Hungarian Grand Prix,1021,Hungaroring,2020-07-19 00:00:00,71,3,https://en.wikipedia.org/wiki/2020_Hungarian_Grand_Prix
British Grand Prix,1022,Silverstone Circuit,2020-08-02 00:00:00,71,4,https://en.wikipedia.org/wiki/2020_British_Grand_Prix
70th Anniversary Grand Prix,1023,Silverstone Circuit,2020-08-09 00:00:00,52,5,https://en.wikipedia.org/wiki/70th_Anniversary_Grand_Prix
Spanish Grand Prix,1024,Circuit de Barcelona-Catalunya,2020-08-16 00:00:00,52,6,https://en.wikipedia.org/wiki/2020_Spanish_Grand_Prix
Belgian Grand Prix,1025,Circuit de Spa-Francorchamps,2020-08-30 00:00:00,52,7,https://en.wikipedia.org/wiki/2020_Belgian_Grand_Prix
Italian Grand Prix,1026,Autodromo Nazionale di Monza,2020-09-06 00:00:00,52,8,https://en.wikipedia.org/wiki/2020_Italian_Grand_Prix
Tuscan Grand Prix,1027,Autodromo Internazionale del Mugello,2020-09-13 00:00:00,59,9,https://en.wikipedia.org/wiki/2020_Tuscan_Grand_Prix
Russian Grand Prix,1028,Sochi Autodrom,2020-09-27 00:00:00,59,10,https://en.wikipedia.org/wiki/2020_Russian_Grand_Prix
Eifel Grand Prix,1029,Nürburgring,2020-10-11 00:00:00,59,11,https://en.wikipedia.org/wiki/2020_Eifel_Grand_Prix
Portuguese Grand Prix,1030,Autódromo Internacional do Algarve,2020-10-25 00:00:00,66,12,https://en.wikipedia.org/wiki/2020_Portuguese_Grand_Prix
Emilia Romagna Grand Prix,1031,Autodromo Enzo e Dino Ferrari,2020-11-01 00:00:00,66,13,https://en.wikipedia.org/wiki/2020_Emilia_Romagna_Grand_Prix
Turkish Grand Prix,1032,Istanbul Park,2020-11-15 00:00:00,66,14,https://en.wikipedia.org/wiki/2020_Turkish_Grand_Prix
Bahrain Grand Prix,1033,Bahrain International Circuit,2020-11-29 00:00:00,66,15,https://en.wikipedia.org/wiki/2020_Bahrain_Grand_Prix
Sakhir Grand Prix,1034,Bahrain International Circuit,2020-12-06 00:00:00,87,16,https://en.wikipedia.org/wiki/2020_Sakhir_Grand_Prix
Abu Dhabi Grand Prix,1035,Yas Marina Circuit,2020-12-13 00:00:00,55,17,https://en.wikipedia.org/wiki/2020_Abu_Dhabi_Grand_Prix
Bahrain Grand Prix,1036,Bahrain International Circuit,2021-03-28 00:00:00,55,1,https://en.wikipedia.org/wiki/2021_Bahrain_Grand_Prix
Emilia Romagna Grand Prix,1037,Autodromo Enzo e Dino Ferrari,2021-04-18 00:00:00,63,2,https://en.wikipedia.org/wiki/2021_Emilia_Romagna_Grand_Prix
Portuguese Grand Prix,1038,Autódromo Internacional do Algarve,2021-05-02 00:00:00,63,3,https://en.wikipedia.org/wiki/2021_Portuguese_Grand_Prix
Spanish Grand Prix,1039,Circuit de Barcelona-Catalunya,2021-05-09 00:00:00,63,4,https://en.wikipedia.org/wiki/2021_Spanish_Grand_Prix
Monaco Grand Prix,1040,Circuit de Monaco,2021-05-23 00:00:00,63,5,https://en.wikipedia.org/wiki/2021_Monaco_Grand_Prix
Azerbaijan Grand Prix,1041,Baku City Circuit,2021-06-06 00:00:00,51,6,https://en.wikipedia.org/wiki/2021_Azerbaijan_Grand_Prix
French Grand Prix,1042,Circuit Paul Ricard,2021-06-20 00:00:00,51,7,https://en.wikipedia.org/wiki/2021_French_Grand_Prix
Styrian Grand Prix,1043,Red Bull Ring,2021-06-27 00:00:00,51,8,https://en.wikipedia.org/wiki/2021_Styrian_Grand_Prix
Austrian Grand Prix,1044,Red Bull Ring,2021-07-04 00:00:00,51,9,https://en.wikipedia.org/wiki/2021_Austrian_Grand_Prix
British Grand Prix,1045,Silverstone Circuit,2021-07-18 00:00:00,52,10,https://en.wikipedia.org/wiki/2021_British_Grand_Prix
Hungarian Grand Prix,1046,Hungaroring,2021-08-01 00:00:00,70,11,https://en.wikipedia.org/wiki/2021_Hungarian_Grand_Prix
Belgian Grand Prix,1047,Circuit de Spa-Francorchamps,2021-08-29 00:00:00,70,12,https://en.wikipedia.org/wiki/2021_Belgian_Grand_Prix
Dutch Grand Prix,1048,Circuit Park Zandvoort,2021-09-05 00:00:00,70,13,https://en.wikipedia.org/wiki/2021_Dutch_Grand_Prix
Italian Grand Prix,1049,Autodromo Nazionale di Monza,2021-09-12 00:00:00,53,14,https://en.wikipedia.org/wiki/2021_Italian_Grand_Prix
Russian Grand Prix,1050,Sochi Autodrom,2021-09-26 00:00:00,53,15,https://en.wikipedia.org/wiki/2021_Russian_Grand_Prix
Turkish Grand Prix,1051,Istanbul Park,2021-10-10 00:00:00,53,16,https://en.wikipedia.org/wiki/2021_Turkish_Grand_Prix
United States Grand Prix,1052,Circuit of the Americas,2021-10-24 00:00:00,53,17,https://en.wikipedia.org/wiki/2021_United_States_Grand_Prix
Mexico City Grand Prix,1053,Autódromo Hermanos Rodríguez,2021-11-07 00:00:00,53,18,https://en.wikipedia.org/wiki/2021_Mexico_City_Grand_Prix
São Paulo Grand Prix,1054,Autódromo José Carlos Pace,2021-11-14 00:00:00,71,19,https://en.wikipedia.org/wiki/2021_S%C3%A3o_Paulo_Grand_Prix
Qatar Grand Prix,1055,Losail International Circuit,2021-11-21 00:00:00,71,20,https://en.wikipedia.org/wiki/2021_Qatar_Grand_Prix
Saudi Arabian Grand Prix,1056,Jeddah Corniche Circuit,2021-12-05 00:00:00,71,21,https://en.wikipedia.org/wiki/2021_Saudi_Arabian_Grand_Prix
Abu Dhabi Grand Prix,1057,Yas Marina Circuit,2021-12-12 00:00:00,71,22,https://en.wikipedia.org/wiki/2021_Abu_Dhabi_Grand_Prix
Bahrain Grand Prix,1058,Bahrain International Circuit,2022-03-20 00:00:00,57,1,https://en.wikipedia.org/wiki/2022_Bahrain_Grand_Prix
Saudi Arabian Grand Prix,1059,Jeddah Corniche Circuit,2022-03-27 00:00:00,50,2,https://en.wikipedia.org/wiki/2022_Saudi_Arabian_Grand_Prix
Australian Grand Prix,1060,Albert Park Grand Prix Circuit,2022-04-10 00:00:00,58,3,https://en.wikipedia.org/wiki/2022_Australian_Grand_Prix
Emilia Romagna Grand Prix,1061,Autodromo Enzo e Dino Ferrari,2022-04-24 00:00:00,63,4,https://en.wikipedia.org/wiki/2022_Emilia_Romagna_Grand_Prix
Miami Grand Prix,1062,Miami International Autodrome,2022-05-08 00:00:00,63,5,https://en.wikipedia.org/wiki/2022_Miami_Grand_Prix
Spanish Grand Prix,1063,Circuit de Barcelona-Catalunya,2022-05-22 00:00:00,63,6,https://en.wikipedia.org/wiki/2022_Spanish_Grand_Prix
Monaco Grand Prix,1064,Circuit de Monaco,2022-05-29 00:00:00,64,7,https://en.wikipedia.org/wiki/2022_Monaco_Grand_Prix
Azerbaijan Grand Prix,1065,Baku City Circuit,2022-06-12 00:00:00,64,8,https://en.wikipedia.org/wiki/2022_Azerbaijan_Grand_Prix
Canadian Grand Prix,1066,Circuit Gilles Villeneuve,2022-06-19 00:00:00,64,9,https://en.wikipedia.org/wiki/2022_Canadian_Grand_Prix
British Grand Prix,1067,Silverstone Circuit,2022-07-03 00:00:00,64,10,https://en.wikipedia.org/wiki/2022_British_Grand_Prix
Austrian Grand Prix,1068,Red Bull Ring,2022-07-10 00:00:00,71,11,https://en.wikipedia.org/wiki/2022_Austrian_Grand_Prix
French Grand Prix,1069,Circuit Paul Ricard,2022-07-24 00:00:00,53,12,https://en.wikipedia.org/wiki/2022_French_Grand_Prix
Hungarian Grand Prix,1070,Hungaroring,2022-07-31 00:00:00,70,13,https://en.wikipedia.org/wiki/2022_Hungarian_Grand_Prix
Belgian Grand Prix,1071,Circuit de Spa-Francorchamps,2022-08-28 00:00:00,44,14,https://en.wikipedia.org/wiki/2022_Belgian_Grand_Prix
Dutch Grand Prix,1072,Circuit Park Zandvoort,2022-09-04 00:00:00,44,15,https://en.wikipedia.org/wiki/2022_Dutch_Grand_Prix
Italian Grand Prix,1073,Autodromo Nazionale di Monza,2022-09-11 00:00:00,44,16,https://en.wikipedia.org/wiki/2022_Italian_Grand_Prix
Singapore Grand Prix,1074,Marina Bay Street Circuit,2022-10-02 00:00:00,59,17,https://en.wikipedia.org/wiki/2022_Singapore_Grand_Prix
Japanese Grand Prix,1075,Suzuka Circuit,2022-10-09 00:00:00,59,18,https://en.wikipedia.org/wiki/2022_Japanese_Grand_Prix
United States Grand Prix,1076,Circuit of the Americas,2022-10-23 00:00:00,59,19,https://en.wikipedia.org/wiki/2022_United_States_Grand_Prix
Mexico City Grand Prix,1077,Autódromo Hermanos Rodríguez,2022-10-30 00:00:00,59,20,https://en.wikipedia.org/wiki/2022_Mexico_City_Grand_Prix
São Paulo Grand Prix,1078,Autódromo José Carlos Pace,2022-11-13 00:00:00,71,21,https://en.wikipedia.org/wiki/2022_São_Paulo_Grand_Prix
Abu Dhabi Grand Prix,1079,Yas Marina Circuit,2022-11-20 00:00:00,71,22,https://en.wikipedia.org/wiki/2022_Abu_Dhabi_Grand_Prix
Bahrain Grand Prix,1080,Bahrain International Circuit,2023-03-05 00:00:00,57,1,https://en.wikipedia.org/wiki/2023_Bahrain_Grand_Prix
Saudi Arabian Grand Prix,1081,Jeddah Corniche Circuit,2023-03-19 00:00:00,50,2,https://en.wikipedia.org/wiki/2023_Saudi_Arabian_Grand_Prix
Australian Grand Prix,1082,Albert Park Grand Prix Circuit,2023-04-02 00:00:00,58,3,https://en.wikipedia.org/wiki/2023_Australian_Grand_Prix
Azerbaijan Grand Prix,1083,Baku City Circuit,2023-04-30 00:00:00,58,4,https://en.wikipedia.org/wiki/2023_Azerbaijan_Grand_Prix
Miami Grand Prix,1084,Miami International Autodrome,2023-05-07 00:00:00,57,5,https://en.wikipedia.org/wiki/2023_Miami_Grand_Prix
Monaco Grand Prix,1085,Circuit de Monaco,2023-05-28 00:00:00,78,6,https://en.wikipedia.org/wiki/2023_Monaco_Grand_Prix
Spanish Grand Prix,1086,Circuit de Barcelona-Catalunya,2023-06-04 00:00:00,66,7,https://en.wikipedia.org/wiki/2023_Spanish_Grand_Prix
Canadian Grand Prix,1087,Circuit Gilles Villeneuve,2023-06-18 00:00:00,70,8,https://en.wikipedia.org/wiki/2023_Canadian_Grand_Prix
Austrian Grand Prix,1088,Red Bull Ring,2023-07-02 00:00:00,71,9,https://en.wikipedia.org/wiki/2023_Austrian_Grand_Prix
British Grand Prix,1089,Silverstone Circuit,2023-07-09 00:00:00,52,10,https://en.wikipedia.org/wiki/2023_British_Grand_Prix
Hungarian Grand Prix,1090,Hungaroring,2023-07-23 00:00:00,70,11,https://en.wikipedia.org/wiki/2023_Hungarian_Grand_Prix
Belgian Grand Prix,1091,Circuit de Spa-Francorchamps,2023-07-30 00:00:00,44,12,https://en.wikipedia.org/wiki/2023_Belgian_Grand_Prix
Dutch Grand Prix,1092,Circuit Park Zandvoort,2023-08-27 00:00:00,44,13,https://en.wikipedia.org/wiki/2023_Dutch_Grand_Prix
Italian Grand Prix,1093,Autodromo Nazionale di Monza,2023-09-03 00:00:00,44,14,https://en.wikipedia.org/wiki/2023_Italian_Grand_Prix
Singapore Grand Prix,1094,Marina Bay Street Circuit,2023-09-17 00:00:00,62,15,https://en.wikipedia.org/wiki/2023_Singapore_Grand_Prix
Japanese Grand Prix,1095,Suzuka Circuit,2023-09-24 00:00:00,53,16,https://en.wikipedia.org/wiki/2023_Japanese_Grand_Prix
Qatar Grand Prix,1096,Losail International Circuit,2023-10-08 00:00:00,53,17,https://en.wikipedia.org/wiki/2023_Qatar_Grand_Prix
United States Grand Prix,1097,Circuit of the Americas,2023-10-22 00:00:00,53,18,https://en.wikipedia.org/wiki/2023_United_States_Grand_Prix
Mexico City Grand Prix,1098,Autódromo Hermanos Rodríguez,2023-10-29 00:00:00,53,19,https://en.wikipedia.org/wiki/2023_Mexico_City_Grand_Prix
São Paulo Grand Prix,1099,Autódromo José Carlos Pace,2023-11-05 00:00:00,71,20,https://en.wikipedia.org/wiki/2023_S%C3%A3o_Paulo_Grand_Prix
Las Vegas Grand Prix,1100,Las Vegas Strip Street Circuit,2023-11-19 00:00:00,50,21,https://en.wikipedia.org/wiki/2023_Las_Vegas_Grand_Prix
Abu Dhabi Grand Prix,1101,Yas Marina Circuit,2023-11-26 00:00:00,58,22,https://en.wikipedia.org/wiki/2023_Abu_Dhabi_Grand_Prix
Bahrain Grand Prix,1102,Bahrain International Circuit,2024-03-02 00:00:00,57,1,https://en.wikipedia.org/wiki/2024_Bahrain_Grand_Prix
Saudi Arabian Grand Prix,1103,Jeddah Corniche Circuit,2024-03-09 00:00:00,57,2,https://en.wikipedia.org/wiki/2024_Saudi_Arabian_Grand_Prix
Australian Grand Prix,1104,Albert Park Grand Prix Circuit,2024-03-24 00:00:00,58,3,https://en.wikipedia.org/wiki/2024_Australian_Grand_Prix
Japanese Grand Prix,1105,Suzuka Circuit,2024-04-07 00:00:00,53,4,https://en.wikipedia.org/wiki/2024_Japanese_Grand_Prix
Chinese Grand Prix,1106,Shanghai International Circuit,2024-04-21 00:00:00,53,5,https://en.wikipedia.org/wiki/2024_Chinese_Grand_Prix
Miami Grand Prix,1107,Miami International Autodrome,2024-05-05 00:00:00,53,6,https://en.wikipedia.org/wiki/2024_Miami_Grand_Prix
Emilia Romagna Grand Prix,1108,Autodromo Enzo e Dino Ferrari,2024-05-19 00:00:00,53,7,https://en.wikipedia.org/wiki/2024_Emilia_Romagna_Grand_Prix
Monaco Grand Prix,1109,Circuit de Monaco,2024-05-26 00:00:00,78,8,https://en.wikipedia.org/wiki/2024_Monaco_Grand_Prix
Canadian Grand Prix,1110,Circuit Gilles Villeneuve,2024-06-09 00:00:00,78,9,https://en.wikipedia.org/wiki/2024_Canadian_Grand_Prix
Spanish Grand Prix,1111,Circuit de Barcelona-Catalunya,2024-06-23 00:00:00,78,10,https://en.wikipedia.org/wiki/2024_Spanish_Grand_Prix
Austrian Grand Prix,1112,Red Bull Ring,2024-06-30 00:00:00,78,11,https://en.wikipedia.org/wiki/2024_Austrian_Grand_Prix
British Grand Prix,1113,Silverstone Circuit,2024-07-07 00:00:00,52,12,https://en.wikipedia.org/wiki/2024_British_Grand_Prix
Hungarian Grand Prix,1114,Hungaroring,2024-07-21 00:00:00,52,13,https://en.wikipedia.org/wiki/2024_Hungarian_Grand_Prix
Belgian Grand Prix,1115,Circuit de Spa-Francorchamps,2024-07-28 00:00:00,52,14,https://en.wikipedia.org/wiki/2024_Belgian_Grand_Prix
Dutch Grand Prix,1116,Circuit Park Zandvoort,2024-08-25 00:00:00,52,15,https://en.wikipedia.org/wiki/2024_Dutch_Grand_Prix
Italian Grand Prix,1117,Autodromo Nazionale di Monza,2024-09-01 00:00:00,53,16,https://en.wikipedia.org/wiki/2024_Italian_Grand_Prix
Azerbaijan Grand Prix,1118,Baku City Circuit,2024-09-15 00:00:00,51,17,https://en.wikipedia.org/wiki/2024_Azerbaijan_Grand_Prix
Singapore Grand Prix,1119,Marina Bay Street Circuit,2024-09-22 00:00:00,51,18,https://en.wikipedia.org/wiki/2024_Singapore_Grand_Prix
United States Grand Prix,1120,Circuit of the Americas,2024-10-20 00:00:00,51,19,https://en.wikipedia.org/wiki/2024_United_States_Grand_Prix
Mexico City Grand Prix,1121,Autódromo Hermanos Rodríguez,2024-10-27 00:00:00,51,20,https://en.wikipedia.org/wiki/2024_Mexico_City_Grand_Prix
São Paulo Grand Prix,1122,Autódromo José Carlos Pace,2024-11-03 00:00:00,69,21,https://en.wikipedia.org/wiki/2024_S%C3%A3o_Paulo_Grand_Prix
Las Vegas Grand Prix,1123,Las Vegas Strip Street Circuit,2024-11-23 00:00:00,69,22,https://en.wikipedia.org/wiki/2024_Las_Vegas_Grand_Prix
Qatar Grand Prix,1124,Losail International Circuit,2024-12-01 00:00:00,69,23,https://en.wikipedia.org/wiki/2024_Qatar_Grand_Prix
Abu Dhabi Grand Prix,1125,Yas Marina Circuit,2024-12-08 00:00:00,69,24,https://en.wikipedia.org/wiki/2024_Abu_Dhabi_Grand_Prix
Australian Grand Prix,1126,Albert Park Grand Prix Circuit,2025-03-16 00:00:00,57,1,https://en.wikipedia.org/wiki/2025_Australian_Grand_Prix
Chinese Grand Prix,1127,Shanghai International Circuit,2025-03-23 00:00:00,56,2,https://en.wikipedia.org/wiki/2025_Chinese_Grand_Prix
Japanese Grand Prix,1128,Suzuka Circuit,2025-04-06 00:00:00,53,3,https://en.wikipedia.org/wiki/2025_Japanese_Grand_Prix
Bahrain Grand Prix,1129,Bahrain International Circuit,2025-04-13 00:00:00,53,4,https://en.wikipedia.org/wiki/2025_Bahrain_Grand_Prix
Saudi Arabian Grand Prix,1130,Jeddah Corniche Circuit,2025-04-20 00:00:00,53,5,https://en.wikipedia.org/wiki/2025_Saudi_Arabian_Grand_Prix
Miami Grand Prix,1131,Miami International Autodrome,2025-05-04 00:00:00,53,6,https://en.wikipedia.org/wiki/2025_Miami_Grand_Prix
Emilia Romagna Grand Prix,1132,Autodromo Enzo e Dino Ferrari,2025-05-18 00:00:00,63,7,https://en.wikipedia.org/wiki/2025_Emilia_Romagna_Grand_Prix
Monaco Grand Prix,1133,Circuit de Monaco,2025-05-25 00:00:00,63,8,https://en.wikipedia.org/wiki/2025_Monaco_Grand_Prix
Spanish Grand Prix,1134,Circuit de Barcelona-Catalunya,2025-06-01 00:00:00,63,9,https://en.wikipedia.org/wiki/2025_Spanish_Grand_Prix
Canadian Grand Prix,1135,Circuit Gilles Villeneuve,2025-06-15 00:00:00,70,10,https://en.wikipedia.org/wiki/2025_Canadian_Grand_Prix
Austrian Grand Prix,1136,Red Bull Ring,2025-06-29 00:00:00,70,11,https://en.wikipedia.org/wiki/2025_Austrian_Grand_Prix
British Grand Prix,1137,Silverstone Circuit,2025-07-06 00:00:00,70,12,https://en.wikipedia.org/wiki/2025_British_Grand_Prix
Belgian Grand Prix,1138,Circuit de Spa-Francorchamps,2025-07-27 00:00:00,44,13,https://en.wikipedia.org/wiki/2025_Belgian_Grand_Prix
Hungarian Grand Prix,1139,Hungaroring,2025-08-03 00:00:00,70,14,https://en.wikipedia.org/wiki/2025_Hungarian_Grand_Prix
Dutch Grand Prix,1140,Circuit Park Zandvoort,2025-08-31 00:00:00,70,15,https://en.wikipedia.org/wiki/2025_Dutch_Grand_Prix
Italian Grand Prix,1141,Autodromo Nazionale di Monza,2025-09-07 00:00:00,70,16,https://en.wikipedia.org/wiki/2025_Italian_Grand_Prix
Azerbaijan Grand Prix,1142,Baku City Circuit,2025-09-21 00:00:00,70,17,https://en.wikipedia.org/wiki/2025_Azerbaijan_Grand_Prix
Singapore Grand Prix,1143,Marina Bay Street Circuit,2025-10-05 00:00:00,62,18,https://en.wikipedia.org/wiki/2025_Singapore_Grand_Prix
United States Grand Prix,1144,Circuit of the Americas,2025-10-19 00:00:00,62,19,https://en.wikipedia.org/wiki/2025_United_States_Grand_Prix
Mexico City Grand Prix,1145,Autódromo Hermanos Rodríguez,2025-10-26 00:00:00,62,20,https://en.wikipedia.org/wiki/2025_Mexico_City_Grand_Prix
São Paulo Grand Prix,1146,Autódromo José Carlos Pace,2025-11-09 00:00:00,62,21,https://en.wikipedia.org/wiki/2025_S%C3%A3o_Paulo_Grand_Prix
Las Vegas Grand Prix,1147,Las Vegas Strip Street Circuit,2025-11-23 00:00:00,50,22,https://en.wikipedia.org/wiki/2025_Las_Vegas_Grand_Prix
Qatar Grand Prix,1148,Losail International Circuit,2025-11-30 00:00:00,50,23,https://en.wikipedia.org/wiki/2025_Qatar_Grand_Prix
Abu Dhabi Grand Prix,1149,Yas Marina Circuit,2025-12-07 00:00:00,50,24,https://en.wikipedia.org/wiki/2025_Abu_Dhabi_Grand_Prix
Australian Grand Prix,1150,Albert Park Grand Prix Circuit,2026-03-08 00:00:00,58,1,https://en.wikipedia.org/wiki/2026_Australian_Grand_Prix
Chinese Grand Prix,1151,Shanghai International Circuit,2026-03-15 00:00:00,58,2,https://en.wikipedia.org/wiki/2026_Chinese_Grand_Prix
Japanese Grand Prix,1152,Suzuka Circuit,2026-03-29 00:00:00,58,3,https://en.wikipedia.org/wiki/2026_Japanese_Grand_Prix
Bahrain Grand Prix,1153,Bahrain International Circuit,2026-04-12 00:00:00,58,4,https://en.wikipedia.org/wiki/2026_Bahrain_Grand_Prix
Saudi Arabian Grand Prix,1154,Jeddah Corniche Circuit,2026-04-19 00:00:00,58,5,https://en.wikipedia.org/wiki/2026_Saudi_Arabian_Grand_Prix
Miami Grand Prix,1155,Miami International Autodrome,2026-05-03 00:00:00,58,6,https://en.wikipedia.org/wiki/2026_Miami_Grand_Prix
Canadian Grand Prix,1156,Circuit Gilles Villeneuve,2026-05-24 00:00:00,,7,https://en.wikipedia.org/wiki/2026_Canadian_Grand_Prix
Monaco Grand Prix,1157,Circuit de Monaco,2026-06-07 00:00:00,,8,https://en.wikipedia.org/wiki/2026_Monaco_Grand_Prix
Barcelona Grand Prix,1158,Circuit de Barcelona-Catalunya,2026-06-14 00:00:00,,9,https://en.wikipedia.org/wiki/2026_Barcelona-Catalunya
Austrian Grand Prix,1159,Red Bull Ring,2026-06-28 00:00:00,,10,https://en.wikipedia.org/wiki/2026_Austrian_Grand_Prix
British Grand Prix,1160,Silverstone Circuit,2026-07-05 00:00:00,,11,https://en.wikipedia.org/wiki/2026_British_Grand_Prix
Belgian Grand Prix,1161,Circuit de Spa-Francorchamps,2026-07-19 00:00:00,,12,https://en.wikipedia.org/wiki/2026_Belgian_Grand_Prix
Hungarian Grand Prix,1162,Hungaroring,2026-07-26 00:00:00,,13,https://en.wikipedia.org/wiki/2026_Hungarian_Grand_Prix
Dutch Grand Prix,1163,Circuit Park Zandvoort,2026-08-23 00:00:00,,14,https://en.wikipedia.org/wiki/2026_Dutch_Grand_Prix
Italian Grand Prix,1164,Autodromo Nazionale di Monza,2026-09-06 00:00:00,,15,https://en.wikipedia.org/wiki/2026_Italian_Grand_Prix
Spanish Grand Prix,1165,Madring,2026-09-13 00:00:00,,16,https://en.wikipedia.org/wiki/2026_Spanish_Grand_Prix
Azerbaijan Grand Prix,1166,Baku City Circuit,2026-09-26 00:00:00,,17,https://en.wikipedia.org/wiki/2026_Azerbaijan_Grand_Prix
Singapore Grand Prix,1167,Marina Bay Street Circuit,2026-10-11 00:00:00,,18,https://en.wikipedia.org/wiki/2026_Singapore_Grand_Prix
United States Grand Prix,1168,Circuit of the Americas,2026-10-25 00:00:00,,19,https://en.wikipedia.org/wiki/2026_United_States_Grand_Prix
Mexico City Grand Prix,1169,Autódromo Hermanos Rodríguez,2026-11-01 00:00:00,,20,https://en.wikipedia.org/wiki/2026_Mexico_City_Grand_Prix
Brazilian Grand Prix,1170,Autódromo José Carlos Pace,2026-11-08 00:00:00,,21,https://en.wikipedia.org/wiki/2026_Brazilian_Grand_Prix
Las Vegas Grand Prix,1171,Las Vegas Strip Street Circuit,2026-11-22 00:00:00,,22,https://en.wikipedia.org/wiki/2026_Las_Vegas_Grand_Prix
Qatar Grand Prix,1172,Losail International Circuit,2026-11-29 00:00:00,,23,https://en.wikipedia.org/wiki/2026_Qatar_Grand_Prix
Abu Dhabi Grand Prix,1173,Yas Marina Circuit,2026-12-06 00:00:00,,24,https://en.wikipedia.org/wiki/2026_Abu_Dhabi_Grand_Prix
