#teamID,#driverID,#seasonID,rDriverNb,rTyres,rMotor
Lotus,Ronnie PETERSON,1974,1,Goodyear,Ford Cosworth
Lotus,Jacky ICKX,1974,2,Goodyear,Ford Cosworth
Tyrrell,Jody SCHECKTER,1974,3,Goodyear,Ford Cosworth
Tyrrell,Patrick DEPAILLER,1974,4,Goodyear,Ford Cosworth
Marlboro Team Texaco,Emerson FITTIPALDI,1974,5,Goodyear,Ford Cosworth
Marlboro Team Texaco,Denny HULME,1974,6,Goodyear,Ford Cosworth
Motor Racing Developments Ltd,Carlos REUTEMANN,1974,7,Goodyear,Ford Cosworth
Motor Racing Developments Ltd,Richard ROBARTS,1974,8,Goodyear,Ford Cosworth
March,Hans Joachim STUCK,1974,9,Goodyear,Ford Cosworth
March,Howden GANLEY,1974,10,Goodyear,Ford Cosworth
Ferrari,Clay REGAZZONI,1974,11,Goodyear,Ferrari
Ferrari,Niki LAUDA,1974,12,Goodyear,Ferrari
BRM,Jean-Pierre BELTOISE,1974,14,Firestone,BRM
BRM,Henri PESCAROLO,1974,15,Firestone,BRM
Shadow,Peter REVSON,1974,16,Goodyear,Ford Cosworth
Shadow,Jean-Pierre JARIER,1974,17,Goodyear,Ford Cosworth
Surtees,Carlos PACE,1974,18,Firestone,Ford Cosworth
Surtees,Jochen MASS,1974,19,Firestone,Ford Cosworth
Frank Williams Racing Cars,Arturo MERZARIO,1974,20,Firestone,Ford Cosworth
Ensign,Rikky von OPEL,1974,22,Firestone,Ford Cosworth
Hesketh Racing,James HUNT,1974,24,Firestone,Ford Cosworth
Embassy Racing with Graham Hill,Graham HILL,1974,26,Firestone,Ford Cosworth
Embassy Racing with Graham Hill,Guy EDWARDS,1974,27,Firestone,Ford Cosworth
John Goldie Racing with Hexagon,John WATSON,1974,28,Firestone,Ford Cosworth
McLaren,Mike HAILWOOD,1974,33,Goodyear,Ford Cosworth
BRM,François MIGAULT,1974,37,Firestone,BRM
March,Vittorio BRAMBILLA,1974,10,Goodyear,Ford Cosworth
Frank Williams Racing Cars,Tom BELSØ,1974,21,Firestone,Ford Cosworth
Scribante Lucky Strike Racing,Dave CHARLTON,1974,23,Goodyear,Ford Cosworth
Hesketh,James HUNT,1974,24,Firestone,Ford Cosworth
Scribante Lucky Strike Racing,John McNICOL,1974,25,Goodyear,Ford Cosworth
Team Gunston,Ian SCHECKTER,1974,29,Goodyear,Ford Cosworth
Team Gunston,Paddy DRIVER,1974,30,Goodyear,Ford Cosworth
Blignaut Embassy Racing SA,Eddie KEIZAN,1974,32,Firestone,Ford Cosworth
Motor Racing Developments Ltd,Rikky von OPEL,1974,8,Goodyear,Ford Cosworth
Shadow,Brian REDMAN,1974,16,Goodyear,Ford Cosworth
Trojan,Tim SCHENKEN,1974,23,Firestone,Ford Cosworth
Scuderia Finotto,Silvio MOSER,1974,25,Firestone,Ford Cosworth
Escuderia Calvo Sotello,Jorge de BAGRATION,1974,29,Firestone,Ford Cosworth
Amon,Chris AMON,1974,30,Firestone,Ford Cosworth
Marlboro Team Texaco,Denny HULME,1974,56,Goodyear,Ford Cosworth
Frank Williams Racing Cars,Gijs van LENNEP,1974,21,Firestone,Ford Cosworth
Ensign,Vern SCHUPPAN,1974,22,Firestone,Ford Cosworth
Pinch Plant Ltd,John NICHOLSON,1974,29,Goodyear,Ford Cosworth
Motor Racing Developments Ltd,Teddy PILETTE,1974,34,Goodyear,Ford Cosworth
Trojan,Tim SCHENKEN,1974,41,Firestone,Ford Cosworth
Token,Tom PRYCE,1974,42,Firestone,Ford Cosworth
Scuderia Finotto,Gérard LARROUSSE,1974,43,Firestone,Ford Cosworth
AAW Racing Team,Leo KINNUNEN,1974,44,Firestone,Ford Cosworth
Maki,Howden GANLEY,1974,25,Firestone,Ford Cosworth
March,Reine WISELL,1974,9,Goodyear,Ford Cosworth
Shadow,Bertil ROOS,1974,16,Goodyear,Ford Cosworth
Frank Williams Racing Cars,Richard ROBARTS,1974,20,Firestone,Ford Cosworth
AAW Racing Team,Leo KINNUNEN,1974,23,Firestone,Ford Cosworth
Scuderia Finotto,Gérard LARROUSSE,1974,25,Firestone,Ford Cosworth
Shadow,Tom PRYCE,1974,16,Goodyear,Ford Cosworth
Surtees,José DOLHEM,1974,18,Firestone,Ford Cosworth
Frank Williams Racing Cars,Jean-Pierre JABOUILLE,1974,21,Firestone,Ford Cosworth
John Goldie Racing with Hexagon,Carlos PACE,1974,34,Firestone,Ford Cosworth
Token,Jacques LAFFITE,1974,42,Firestone,Ford Cosworth
Motor Racing Developments Ltd,Carlos PACE,1974,8,Goodyear,Ford Cosworth
Surtees,Derek BELL,1974,18,Firestone,Ford Cosworth
Embassy Racing with Graham Hill,Peter GETHIN,1974,27,Firestone,Ford Cosworth
Dempster International Racing Team,Mike WILDS,1974,35,Firestone,Ford Cosworth
Scuderia Finotto,Andy SUTCLIFFE,1974,41,Firestone,Ford Cosworth
Token,David PURLEY,1974,42,Firestone,Ford Cosworth
AAW Racing Team,Leo KINNUNEN,1974,43,Firestone,Ford Cosworth
Allied Polymer Group,Lella LOMBARDI,1974,208,Goodyear,Ford Cosworth
Frank Williams Racing Cars,Jacques LAFFITE,1974,21,Firestone,Ford Cosworth
Scuderia Finotto,Manfred MOHR,1974,29,Firestone,Ford Cosworth
Amon,Larry PERKINS,1974,30,Firestone,Ford Cosworth
Token,Ian ASHLEY,1974,32,Firestone,Ford Cosworth
Surtees,Jean-Pierre JABOUILLE,1974,19,Firestone,Ford Cosworth
Ensign,Mike WILDS,1974,22,Firestone,Ford Cosworth
Embassy Racing with Graham Hill,Rolf STOMMELEN,1974,27,Firestone,Ford Cosworth
Surtees,Dieter QUESTER,1974,30,Firestone,Ford Cosworth
Hesketh,Ian SCHECKTER,1974,31,Goodyear,Ford Cosworth
Scuderia Finotto,Helmuth KOINIGG,1974,32,Firestone,Ford Cosworth
McLaren,David HOBBS,1974,33,Goodyear,Ford Cosworth
Token,Ian ASHLEY,1974,35,Firestone,Ford Cosworth
Surtees,José DOLHEM,1974,19,Firestone,Ford Cosworth
Amon,Chris AMON,1974,22,Firestone,Ford Cosworth
Ensign,Mike WILDS,1974,25,Firestone,Ford Cosworth
Trojan,Tim SCHENKEN,1974,29,Firestone,Ford Cosworth
Scuderia Finotto,Carlo FACETTI,1974,31,Firestone,Ford Cosworth
Scuderia Finotto,Jean-Louis LAFOSSE,1974,32,Firestone,Ford Cosworth
Chequered Flag,Ian ASHLEY,1974,35,Goodyear,Ford Cosworth
BRM,Chris AMON,1974,15,Firestone,BRM
Surtees,Helmuth KOINIGG,1974,19,Firestone,Ford Cosworth
McLaren,Jochen MASS,1974,33,Goodyear,Ford Cosworth
Chequered Flag,Ian ASHLEY,1974,42,Goodyear,Ford Cosworth
Team Canada F1 Racing,Eppie WIETZES,1974,50,Goodyear,Ford Cosworth
Parnelli,Mario ANDRETTI,1974,55,Firestone,Ford Cosworth
Penske,Mark DONOHUE,1974,66,Goodyear,Ford Cosworth
Lotus,Tim SCHENKEN,1974,31,Goodyear,Ford Cosworth
Marlboro Team Texaco,Emerson FITTIPALDI,1975,1,Goodyear,Ford Cosworth
Marlboro Team Texaco,Jochen MASS,1975,2,Goodyear,Ford Cosworth
Tyrrell,Jody SCHECKTER,1975,3,Goodyear,Ford Cosworth
Tyrrell,Patrick DEPAILLER,1975,4,Goodyear,Ford Cosworth
Lotus,Ronnie PETERSON,1975,5,Goodyear,Ford Cosworth
Lotus,Jacky ICKX,1975,6,Goodyear,Ford Cosworth
Martini Racing,Carlos REUTEMANN,1975,7,Goodyear,Ford Cosworth
Martini Racing,Carlos PACE,1975,8,Goodyear,Ford Cosworth
March,Vittorio BRAMBILLA,1975,9,Goodyear,Ford Cosworth
Ferrari,Clay REGAZZONI,1975,11,Goodyear,Ferrari
Ferrari,Niki LAUDA,1975,12,Goodyear,Ferrari
BRM,Mike WILDS,1975,14,Goodyear,BRM
Shadow,Tom PRYCE,1975,16,Goodyear,Ford Cosworth
Shadow,Jean-Pierre JARIER,1975,17,Goodyear,Ford Cosworth
Surtees,John WATSON,1975,18,Goodyear,Ford Cosworth
Williams,Arturo MERZARIO,1975,20,Goodyear,Ford Cosworth
Williams,Jacques LAFFITE,1975,21,Goodyear,Ford Cosworth
Embassy Racing with Graham Hill,Graham HILL,1975,22,Goodyear,Ford Cosworth
Embassy Racing with Graham Hill,Rolf STOMMELEN,1975,23,Goodyear,Ford Cosworth
Hesketh,James HUNT,1975,24,Goodyear,Ford Cosworth
Parnelli,Mario ANDRETTI,1975,27,Firestone,Ford Cosworth
Penske,Mark DONOHUE,1975,28,Goodyear,Ford Cosworth
Berta,Nestor GARCIA-VEIGA,1975,29,Goodyear,Ford Cosworth
Copersucar,Wilson FITTIPALDI,1975,30,Goodyear,Ford Cosworth
Parnelli,Mario ANDRETTI,1975,27,Goodyear,Ford Cosworth
March,Lella LOMBARDI,1975,10,Goodyear,Ford Cosworth
BRM,Bob EVANS,1975,14,Goodyear,BRM
Lucky Strike Racing,Dave CHARLTON,1975,31,Goodyear,Ford Cosworth
Lexington Racing,Ian SCHECKTER,1975,32,Goodyear,Ford Cosworth
Team Gunston,Eddie KEIZAN,1975,33,Goodyear,Ford Cosworth
Team Gunston,Guy TUNMER,1975,34,Goodyear,Ford Cosworth
Williams,Tony BRISE,1975,21,Goodyear,Ford Cosworth
Hill,Rolf STOMMELEN,1975,22,Goodyear,Ford Cosworth
Hill,François MIGAULT,1975,23,Goodyear,Ford Cosworth
Custom Made Harry Stiller Racing,Alan JONES,1975,25,Goodyear,Ford Cosworth
Ensign,Roelof WUNDERINK,1975,31,Goodyear,Ford Cosworth
Surtees,Henri PESCAROLO,1975,19,Goodyear,Ford Cosworth
Embassy Racing with Graham Hill,François MIGAULT,1975,22,Goodyear,Ford Cosworth
Hill,Graham HILL,1975,23,Goodyear,Ford Cosworth
Polar Caravans,Torsten PALM,1975,25,Goodyear,Ford Cosworth
Custom Made Harry Stiller Racing,Alan JONES,1975,26,Goodyear,Ford Cosworth
Hill,François MIGAULT,1975,22,Goodyear,Ford Cosworth
Hill,Tony BRISE,1975,23,Goodyear,Ford Cosworth
Maki,Dave WALKER,1975,35,Firestone,Ford Cosworth
Williams,Damien MAGEE,1975,20,Goodyear,Ford Cosworth
Williams,Ian SCHECKTER,1975,21,Goodyear,Ford Cosworth
Hill,Vern SCHUPPAN,1975,22,Goodyear,Ford Cosworth
Ensign,Gijs van LENNEP,1975,31,Goodyear,Ford Cosworth
Polar Caravans,Torsten PALM,1975,32,Goodyear,Ford Cosworth
Williams,Ian SCHECKTER,1975,20,Goodyear,Ford Cosworth
Hill,Alan JONES,1975,22,Goodyear,Ford Cosworth
Maki,Hiroshi FUSHIDA,1975,35,Goodyear,Ford Cosworth
Tyrrell,Jean-Pierre JABOUILLE,1975,15,Goodyear,Ford Cosworth
Williams,François MIGAULT,1975,20,Goodyear,Ford Cosworth
Lotus,Jim CRAWFORD,1975,6,Goodyear,Ford Cosworth
March,Hans Joachim STUCK,1975,10,Goodyear,Ford Cosworth
Lotus,Brian HENTON,1975,15,Goodyear,Ford Cosworth
Surtees,Dave MORGAN,1975,19,Goodyear,Ford Cosworth
Williams,Ian ASHLEY,1975,20,Goodyear,Ford Cosworth
Penske Cars,Mark DONOHUE,1975,28,Goodyear,Ford Cosworth
March,Lella LOMBARDI,1975,29,Goodyear,Ford Cosworth
Pinch Plant Ltd,John NICHOLSON,1975,32,Goodyear,Ford Cosworth
Ensign,Gijs van LENNEP,1975,34,Goodyear,Ford Cosworth
Lotus,John WATSON,1975,6,Goodyear,Ford Cosworth
Ensign,Gijs van LENNEP,1975,19,Goodyear,Ford Cosworth
Wartsteiner Brewery,Harald ERTL,1975,25,Goodyear,Ford Cosworth
Maki,Tony TRIMMER,1975,35,Goodyear,Ford Cosworth
Lotus,Brian HENTON,1975,6,Goodyear,Ford Cosworth
Shadow,Jean-Pierre JARIER,1975,17,Goodyear,Matra
Surtees,Ewald BOISITZ,1975,19,Goodyear,Ford Cosworth
Williams,Jo VONLANTHEN,1975,20,Goodyear,Ford Cosworth
Hesketh,Brett LUNGER,1975,25,Goodyear,Ford Cosworth
Ensign,Chris AMON,1975,31,Goodyear,Ford Cosworth
Wartsteiner Brewery,Harald ERTL,1975,32,Goodyear,Ford Cosworth
Ensign,Roelof WUNDERINK,1975,33,Goodyear,Ford Cosworth
Williams,Renzo ZORZI,1975,20,Goodyear,Ford Cosworth
Copersucar,Arturo MERZARIO,1975,30,Goodyear,Ford Cosworth
Ensign,Chris AMON,1975,32,Goodyear,Ford Cosworth
Wartsteiner Brewery,Harald ERTL,1975,34,Goodyear,Ford Cosworth
Tyrrell,Michel LECLERE,1975,15,Goodyear,Ford Cosworth
Williams,Lella LOMBARDI,1975,20,Goodyear,Ford Cosworth
Penske,John WATSON,1975,28,Goodyear,Ford Cosworth
Ferrari,Niki LAUDA,1976,1,Goodyear,Ferrari
Ferrari,Clay REGAZZONI,1976,2,Goodyear,Ferrari
Tyrrell,Jody SCHECKTER,1976,3,Goodyear,Ford Cosworth
Tyrrell,Patrick DEPAILLER,1976,4,Goodyear,Ford Cosworth
Lotus,Ronnie PETERSON,1976,5,Goodyear,Ford Cosworth
Lotus,Mario ANDRETTI,1976,6,Goodyear,Ford Cosworth
Martini Racing,Carlos REUTEMANN,1976,7,Goodyear,Alfa Romeo
Martini Racing,Carlos PACE,1976,8,Goodyear,Alfa Romeo
March,Vittorio BRAMBILLA,1976,9,Goodyear,Ford Cosworth
March,Lella LOMBARDI,1976,10,Goodyear,Ford Cosworth
McLaren,James HUNT,1976,11,Goodyear,Ford Cosworth
McLaren,Jochen MASS,1976,12,Goodyear,Ford Cosworth
BRM,Ian ASHLEY,1976,14,Goodyear,BRM
Shadow,Tom PRYCE,1976,16,Goodyear,Ford Cosworth
Shadow,Jean-Pierre JARIER,1976,17,Goodyear,Ford Cosworth
Williams,Jacky ICKX,1976,20,Goodyear,Ford Cosworth
Williams,Renzo ZORZI,1976,21,Goodyear,Ford Cosworth
Ligier,Jacques LAFFITE,1976,26,Goodyear,Matra
Penske,John WATSON,1976,28,Goodyear,Ford Cosworth
Copersucar,Emerson FITTIPALDI,1976,30,Goodyear,Ford Cosworth
Copersucar,Ingo HOFFMANN,1976,31,Goodyear,Ford Cosworth
March,Hans Joachim STUCK,1976,34,Goodyear,Ford Cosworth
Lotus,Bob EVANS,1976,5,Goodyear,Ford Cosworth
Lotus,Gunnar NILSSON,1976,6,Goodyear,Ford Cosworth
March,Ronnie PETERSON,1976,10,Goodyear,Ford Cosworth
Lexington Racing,Ian SCHECKTER,1976,15,Goodyear,Ford Cosworth
Surtees,Brett LUNGER,1976,18,Goodyear,Ford Cosworth
Williams,Michel LECLERE,1976,21,Goodyear,Ford Cosworth
Ensign,Chris AMON,1976,22,Goodyear,Ford Cosworth
Hesketh,Harald ERTL,1976,24,Goodyear,Ford Cosworth
Parnelli,Mario ANDRETTI,1976,27,Goodyear,Ford Cosworth
Surtees,Alan JONES,1976,19,Goodyear,Ford Cosworth
March,Arturo MERZARIO,1976,35,Goodyear,Ford Cosworth
Lotus,Mario ANDRETTI,1976,5,Goodyear,Ford Cosworth
Walter Wolf Racing,Jacky ICKX,1976,20,Goodyear,Ford Cosworth
Walter Wolf Racing,Michel LECLERE,1976,21,Goodyear,Ford Cosworth
Williams,Emilio ZAPICO,1976,25,Goodyear,Ford Cosworth
RAM Racing,Loris KESSEL,1976,32,Goodyear,Ford Cosworth
RAM Racing,Emilio de VILLOTA,1976,33,Goodyear,Ford Cosworth
HB Bewaking Alarm Systems,Larry PERKINS,1976,37,Goodyear,Ford Cosworth
Ensign,Antonio BERNARDO,1976,23,Goodyear,Ford Cosworth
Hesketh,Guy EDWARDS,1976,25,Goodyear,Ford Cosworth
RAM Racing,Patrick NEVE,1976,33,Goodyear,Ford Cosworth
Team Norev Racing with BS Fabrications,Henri PESCAROLO,1976,38,Goodyear,Ford Cosworth
Walter Wolf Racing,Tom BELSØ,1976,20,Goodyear,Ford Cosworth
RAM Racing,Jac NELLEMAN,1976,33,Goodyear,Ford Cosworth
Ensign,Patrick NEVE,1976,22,Goodyear,Ford Cosworth
RAM Racing,Damien MAGEE,1976,33,Goodyear,Ford Cosworth
Shellsport,Divina GALICA,1976,13,Goodyear,Ford Cosworth
RAM Racing,Bob EVANS,1976,32,Goodyear,Ford Cosworth
RAM Racing,Lella LOMBARDI,1976,33,Goodyear,Ford Cosworth
Team P.R. Reilly,Mike WILDS,1976,40,Goodyear,Ford Cosworth
Walter Wolf Racing,Arturo MERZARIO,1976,20,Goodyear,Ford Cosworth
Penthouse Rizla Racing,Guy EDWARDS,1976,25,Goodyear,Ford Cosworth
RAM Racing,Rolf STOMMELEN,1976,36,Goodyear,Ford Cosworth
RAM Racing,Lella LOMBARDI,1976,37,Goodyear,Ford Cosworth
HB Bewaking Alarm Systems,Larry PERKINS,1976,39,Goodyear,Ford Cosworth
Scuderia Gulf Rondini,Alessandro PESENTI-ROSSI,1976,40,Goodyear,Ford Cosworth
Martini Racing,Rolf STOMMELEN,1976,77,Goodyear,Alfa Romeo
Ensign,Hans BINDER,1976,22,Goodyear,Ford Cosworth
Scuderia Gulf Rondini,Alessandro PESENTI-ROSSI,1976,39,Goodyear,Ford Cosworth
Sports Cars of Austria,Karl OPPITZHAUSER,1976,40,Goodyear,Ford Cosworth
Tyrrell,Otto STUPPACHER,1976,41,Goodyear,Ford Cosworth
Surtees,Conny ANDERSSON,1976,18,Goodyear,Ford Cosworth
Ensign,Jacky ICKX,1976,22,Goodyear,Ford Cosworth
Hesketh,Rolf STOMMELEN,1976,25,Goodyear,Ford Cosworth
HB Bewaking Alarm Systems,Larry PERKINS,1976,27,Goodyear,Ford Cosworth
F&S Properties,Boy HAYJE,1976,39,Goodyear,Ford Cosworth
Martini Racing,Rolf STOMMELEN,1976,7,Goodyear,Alfa Romeo
Ferrari,Carlos REUTEMANN,1976,35,Goodyear,Ferrari
Scuderia Gulf Rondini,Alessandro PESENTI-ROSSI,1976,37,Goodyear,Ford Cosworth
OASC Racing Team,Otto STUPPACHER,1976,39,Goodyear,Ford Cosworth
HB Bewaking Alarm Systems,Larry PERKINS,1976,40,Goodyear,Ford Cosworth
RAM Racing,Lella LOMBARDI,1976,41,Goodyear,Ford Cosworth
RAM Racing,Loris KESSEL,1976,42,Goodyear,Ford Cosworth
Martini Racing,Larry PERKINS,1976,7,Goodyear,Alfa Romeo
Walter Wolf Racing,Chris AMON,1976,21,Goodyear,Ford Cosworth
Walter Wolf Racing,Warwick BROWN,1976,21,Goodyear,Ford Cosworth
Hesketh,Alex RIBEIRO,1976,25,Goodyear,Ford Cosworth
Surtees,Noritake TAKAHARA,1976,18,Goodyear,Ford Cosworth
Walter Wolf Racing,Hans BINDER,1976,21,Goodyear,Ford Cosworth
Walter Wolf Racing,Masami KUWASHIMA,1976,21,Goodyear,Ford Cosworth
Kojima,Masahiro HASEMI,1976,51,Dunlop,Ford Cosworth
Heros Racing,Kazuyoshi HOSHINO,1976,52,Bridgestone,Ford Cosworth
Maki,Tony TRIMMER,1976,54,Goodyear,Ford Cosworth
McLaren,James HUNT,1977,1,Goodyear,Ford Cosworth
McLaren,Jochen MASS,1977,2,Goodyear,Ford Cosworth
Tyrrell,Ronnie PETERSON,1977,3,Goodyear,Ford Cosworth
Tyrrell,Patrick DEPAILLER,1977,4,Goodyear,Ford Cosworth
Lotus,Mario ANDRETTI,1977,5,Goodyear,Ford Cosworth
Lotus,Gunnar NILSSON,1977,6,Goodyear,Ford Cosworth
Martini Racing,John WATSON,1977,7,Goodyear,Alfa Romeo
Martini Racing,Carlos PACE,1977,8,Goodyear,Alfa Romeo
March,Alex RIBEIRO,1977,9,Goodyear,Ford Cosworth
Team Rothmans Internationnal,Ian SCHECKTER,1977,10,Goodyear,Ford Cosworth
Ferrari,Niki LAUDA,1977,11,Goodyear,Ferrari
Ferrari,Carlos REUTEMANN,1977,12,Goodyear,Ferrari
BRM,Larry PERKINS,1977,14,Goodyear,BRM
Shadow,Tom PRYCE,1977,16,Goodyear,Ford Cosworth
Shadow,Renzo ZORZI,1977,17,Goodyear,Ford Cosworth
Surtees,Hans BINDER,1977,18,Goodyear,Ford Cosworth
Surtees,Vittorio BRAMBILLA,1977,19,Goodyear,Ford Cosworth
Wolf,Jody SCHECKTER,1977,20,Goodyear,Ford Cosworth
Ensign,Clay REGAZZONI,1977,22,Goodyear,Ford Cosworth
Ligier,Jacques LAFFITE,1977,26,Goodyear,Matra
Copersucar,Emerson FITTIPALDI,1977,28,Goodyear,Ford Cosworth
Copersucar,Ingo HOFFMANN,1977,29,Goodyear,Ford Cosworth
Team Rothmans Internationnal,Hans Joachim STUCK,1977,10,Goodyear,Ford Cosworth
Chesterfield Racing,Brett LUNGER,1977,30,Goodyear,Ford Cosworth
RAM Racing/F&S Properties,Boy HAYJE,1977,33,Goodyear,Ford Cosworth
Martini Racing,Hans Joachim STUCK,1977,8,Goodyear,Alfa Romeo
Team Rothmans Internationnal,Brian HENTON,1977,10,Goodyear,Ford Cosworth
Shadow,Renzo ZORZI,1977,16,Goodyear,Ford Cosworth
Shadow,Alan JONES,1977,17,Goodyear,Ford Cosworth
Penthouse Rizla Racing,Rupert KEEGAN,1977,24,Goodyear,Ford Cosworth
ATS Racing Team,Jean-Pierre JARIER,1977,34,Goodyear,Ford Cosworth
Hesketh,Harald ERTL,1977,25,Goodyear,Ford Cosworth
Williams Grand Prix Engineering,Patrick NEVE,1977,27,Goodyear,Ford Cosworth
LEC,David PURLEY,1977,31,Goodyear,Ford Cosworth
BRM,Conny ANDERSSON,1977,35,Goodyear,BRM
Iberia Airlines,Emilio de VILLOTA,1977,36,Goodyear,Ford Cosworth
Team Merzario,Arturo MERZARIO,1977,37,Goodyear,Ford Cosworth
British Formula 1 Racing Team,Brian HENTON,1977,38,Goodyear,Ford Cosworth
RAM Racing/F&S Properties,Mikko KOZAROWITZKY,1977,39,Goodyear,Ford Cosworth
Shadow,Riccardo PATRESE,1977,16,Goodyear,Ford Cosworth
Ensign,Jacky ICKX,1977,22,Goodyear,Ford Cosworth
British Formula 1 Racing Team,Jean-Pierre JABOUILLE,1977,38,Goodyear,Ford Cosworth
Surtees,Larry PERKINS,1977,18,Goodyear,Ford Cosworth
Ensign,Jacky ICKX,1977,21,Goodyear,Ford Cosworth
RAM Racing/F&S Properties,Mikko KOZAROWITZKY,1977,32,Goodyear,Ford Cosworth
British Formula 1 Racing Team,Bernard de DRYVER,1977,38,Goodyear,Ford Cosworth
Hesketh,Hector REBAQUE,1977,39,Goodyear,Ford Cosworth
Jolly Club Switzerland,Loris KESSEL,1977,41,Goodyear,Ford Cosworth
Shadow,Jackie OLIVER,1977,16,Goodyear,Ford Cosworth
,Jac NELLEMAN,1977,38,Goodyear,Ford Cosworth
Renault,Jean-Pierre JABOUILLE,1977,15,Michelin,Renault
Surtees,Patrick TAMBAY,1977,18,Goodyear,Ford Cosworth
British Formula 1 Racing Team,Henri PESCAROLO,1977,38,Goodyear,Ford Cosworth
Surtees,Vern SCHUPPAN,1977,18,Goodyear,Ford Cosworth
Theodore Racing Hong Kong,Patrick TAMBAY,1977,23,Goodyear,Ford Cosworth
Penthouse Rizla Racing,Harald ERTL,1977,25,Goodyear,Ford Cosworth
RAM Racing,Andy SUTCLIFFE,1977,33,Goodyear,Ford Cosworth
BRM,Guy EDWARDS,1977,35,Goodyear,BRM
McLaren,Gilles VILLENEUVE,1977,40,Goodyear,Ford Cosworth
Hexagone of Highgate,Derek BELL,1977,43,Goodyear,Ford Cosworth
Melchester Racing,Tony TRIMMER,1977,44,Goodyear,Ford Cosworth
,Brian McGUIRE,1977,45,Goodyear,Ford Cosworth
Hesketh,Hector REBAQUE,1977,25,Goodyear,Ford Cosworth
ATS Racing Team,Hans HEYER,1977,35,Goodyear,Ford Cosworth
BRM,Teddy PILETTE,1977,40,Goodyear,BRM
Shadow,Arturo MERZARIO,1977,16,Goodyear,Ford Cosworth
RAM Racing/F&S Properties,Boy HAYJE,1977,32,Goodyear,Ford Cosworth
ATS Racing Team,Hans BINDER,1977,33,Goodyear,Ford Cosworth
BRM,Teddy PILETTE,1977,35,Goodyear,BRM
Hesketh,Ian ASHLEY,1977,39,Goodyear,Ford Cosworth
BRM,Teddy PILETTE,1977,29,Goodyear,BRM
RAM Racing/F&S Properties,Michael BLEEKEMOLEN,1977,32,Goodyear,Ford Cosworth
ATS Racing Team,Hans BINDER,1977,35,Goodyear,Ford Cosworth
HB Bewaking Alarm Systems,Brian HENTON,1977,38,Goodyear,Ford Cosworth
McLaren,Bruno GIACOMELLI,1977,14,Goodyear,Ford Cosworth
Surtees,Lamberto LEONI,1977,18,Goodyear,Ford Cosworth
Martini Racing,Giorgio FRANCIA,1977,21,Goodyear,Alfa Romeo
Hesketh,Ian ASHLEY,1977,25,Goodyear,Ford Cosworth
Interscope Racing,Danny ONGAIS,1977,14,Goodyear,Ford Cosworth
Shadow,Jean-Pierre JARIER,1977,16,Goodyear,Ford Cosworth
Ferrari,Gilles VILLENEUVE,1977,21,Goodyear,Ferrari
Ferrari,Gilles VILLENEUVE,1977,11,Goodyear,Ferrari
Ligier,Jean-Pierre JARIER,1977,27,Goodyear,Matra
Meritsu Racing Team,Kunimitsu TAKAHASHI,1977,50,Dunlop,Ford Cosworth
Kojima,Noritake TAKAHARA,1977,51,Bridgestone,Ford Cosworth
Heros Racing Corporation,Kazuyoshi HOSHINO,1977,52,Bridgestone,Ford Cosworth
Parmalat Racing Team,Niki LAUDA,1978,1,Goodyear,Alfa Romeo
Parmalat Racing Team,John WATSON,1978,2,Goodyear,Alfa Romeo
Tyrrell,Didier PIRONI,1978,3,Goodyear,Ford Cosworth
Tyrrell,Patrick DEPAILLER,1978,4,Goodyear,Ford Cosworth
Lotus,Mario ANDRETTI,1978,5,Goodyear,Ford Cosworth
Lotus,Ronnie PETERSON,1978,6,Goodyear,Ford Cosworth
McLaren,James HUNT,1978,7,Goodyear,Ford Cosworth
McLaren,Patrick TAMBAY,1978,8,Goodyear,Ford Cosworth
ATS,Jochen MASS,1978,9,Goodyear,Ford Cosworth
ATS,Jean-Pierre JARIER,1978,10,Goodyear,Ford Cosworth
Ferrari,Carlos REUTEMANN,1978,11,Michelin,Ferrari
Ferrari,Gilles VILLENEUVE,1978,12,Michelin,Ferrari
Fittipaldi Automotive,Emerson FITTIPALDI,1978,14,Goodyear,Ford Cosworth
Shadow,Hans Joachim STUCK,1978,16,Goodyear,Ford Cosworth
Shadow,Clay REGAZZONI,1978,17,Goodyear,Ford Cosworth
Surtees,Rupert KEEGAN,1978,18,Goodyear,Ford Cosworth
Surtees,Vittorio BRAMBILLA,1978,19,Goodyear,Ford Cosworth
Wolf,Jody SCHECKTER,1978,20,Goodyear,Ford Cosworth
Ensign,Danny ONGAIS,1978,22,Goodyear,Ford Cosworth
Ensign,Lamberto LEONI,1978,23,Goodyear,Ford Cosworth
Hesketh,Divina GALICA,1978,24,Goodyear,Ford Cosworth
Team Rebaque,Hector REBAQUE,1978,25,Goodyear,Ford Cosworth
Ligier,Jacques LAFFITE,1978,26,Goodyear,Matra
Williams,Alan JONES,1978,27,Goodyear,Ford Cosworth
Liggett Group/B&S Fabrications,Brett LUNGER,1978,30,Goodyear,Ford Cosworth
Theodore,Eddie CHEEVER,1978,32,Goodyear,Ford Cosworth
Merzario,Arturo MERZARIO,1978,37,Goodyear,Ford Cosworth
Arrows,Riccardo PATRESE,1978,36,Goodyear,Ford Cosworth
Renault,Jean-Pierre JABOUILLE,1978,15,Michelin,Renault
Ensign,Lamberto LEONI,1978,22,Goodyear,Ford Cosworth
Hesketh,Eddie CHEEVER,1978,24,Goodyear,Ford Cosworth
Martini,René ARNOUX,1978,31,Goodyear,Ford Cosworth
Theodore,Keke ROSBERG,1978,32,Goodyear,Ford Cosworth
Arrows,Riccardo PATRESE,1978,35,Goodyear,Ford Cosworth
Arrows,Rolf STOMMELEN,1978,36,Goodyear,Ford Cosworth
Hesketh,Derek DALY,1978,24,Goodyear,Ford Cosworth
Interscope Racing,Danny ONGAIS,1978,39,Goodyear,Ford Cosworth
Ensign,Jacky ICKX,1978,22,Goodyear,Ford Cosworth
ATS,Alberto COLOMBO,1978,10,Goodyear,Ford Cosworth
Ensign,Bernard de DRYVER,1978,23,Goodyear,Ford Cosworth
,Patrick NEVE,1978,29,Goodyear,Ford Cosworth
McLaren,Bruno GIACOMELLI,1978,33,Goodyear,Ford Cosworth
Centro Aseguredor F1,Emilio de VILLOTA,1978,28,Goodyear,Ford Cosworth
ATS,Keke ROSBERG,1978,10,Goodyear,Ford Cosworth
Ensign,Derek DALY,1978,22,Goodyear,Ford Cosworth
Ensign,Geoff LEES,1978,23,Goodyear,Ford Cosworth
Theodore Racing Hong Kong,Keke ROSBERG,1978,32,Goodyear,Ford Cosworth
Melchester Racing,Tony TRIMMER,1978,40,Goodyear,Ford Cosworth
Ensign,Nelson PIQUET,1978,22,Goodyear,Ford Cosworth
Sachs Racing,Harald ERTL,1978,23,Goodyear,Ford Cosworth
ATS,Hans BINDER,1978,10,Goodyear,Ford Cosworth
Surtees,Brian HENTON *,1978,18,Goodyear,Ford Cosworth
BS Fabrications,Nelson PIQUET,1978,29,Goodyear,Ford Cosworth
ATS,Michael BLEEKEMOLEN,1978,10,Goodyear,Ford Cosworth
ATS,Michael BLEEKEMOLEN,1978,9,Goodyear,Ford Cosworth
ATS,Harald ERTL,1978,10,Goodyear,Ford Cosworth
Surtees,GIMAX,1978,18,Goodyear,Ford Cosworth
Merzario,Alberto COLOMBO,1978,34,Goodyear,Ford Cosworth
Surtees,René ARNOUX,1978,18,Goodyear,Ford Cosworth
Surtees,Beppe GABBIANI,1978,19,Goodyear,Ford Cosworth
Wolf,Bobby RAHAL,1978,21,Goodyear,Ford Cosworth
Ensign,Brett LUNGER,1978,23,Goodyear,Ford Cosworth
Lotus,Jean-Pierre JARIER,1978,55,Goodyear,Ford Cosworth
Parmalat Racing Team,Nelson PIQUET,1978,66,Goodyear,Alfa Romeo
Lotus,Mario ANDRETTI,1979,1,Goodyear,Ford Cosworth
Lotus,Carlos REUTEMANN,1979,2,Goodyear,Ford Cosworth
Tyrrell,Didier PIRONI,1979,3,Goodyear,Ford Cosworth
Tyrrell,Jean-Pierre JARIER,1979,4,Goodyear,Ford Cosworth
Parmalat Racing Team,Niki LAUDA,1979,5,Goodyear,Alfa Romeo
Parmalat Racing Team,Nelson PIQUET,1979,6,Goodyear,Alfa Romeo
McLaren,John WATSON,1979,7,Goodyear,Ford Cosworth
McLaren,Patrick TAMBAY,1979,8,Goodyear,Ford Cosworth
ATS,Hans Joachim STUCK,1979,9,Goodyear,Ford Cosworth
Ferrari,Jody SCHECKTER,1979,11,Michelin,Ferrari
Ferrari,Gilles VILLENEUVE,1979,12,Michelin,Ferrari
Fittipaldi Automotive,Emerson FITTIPALDI,1979,14,Goodyear,Ford Cosworth
Renault,Jean-Pierre JABOUILLE,1979,15,Michelin,Renault
Renault,René ARNOUX,1979,16,Michelin,Renault
Shadow,Jan LAMMERS,1979,17,Goodyear,Ford Cosworth
Shadow,Elio De ANGELIS,1979,18,Goodyear,Ford Cosworth
Wolf,James HUNT,1979,20,Goodyear,Ford Cosworth
Ensign,Derek DALY,1979,22,Goodyear,Ford Cosworth
Merzario,Arturo MERZARIO,1979,24,Goodyear,Ford Cosworth
Ligier,Patrick DEPAILLER,1979,25,Goodyear,Ford Cosworth
Ligier,Jacques LAFFITE,1979,26,Goodyear,Ford Cosworth
Albilad-Saudia Racing Team,Alan JONES,1979,27,Goodyear,Ford Cosworth
Albilad-Saudia Racing Team,Clay REGAZZONI,1979,28,Goodyear,Ford Cosworth
Arrows,Riccardo PATRESE,1979,29,Goodyear,Ford Cosworth
Arrows,Jochen MASS,1979,30,Goodyear,Ford Cosworth
Team Rebaque,Hector REBAQUE,1979,31,Goodyear,Ford Cosworth
Willi Kaushen Racing Team,Gianfranco BRANCATELLI,1979,36,Goodyear,Ford Cosworth
Autodelta,Bruno GIACOMELLI,1979,35,Goodyear,Alfa Romeo
Merzario,Gianfranco BRANCATELLI,1979,24,Goodyear,Ford Cosworth
Wolf,Keke ROSBERG,1979,20,Goodyear,Ford Cosworth
Ensign,Patrick GAILLARD,1979,22,Goodyear,Ford Cosworth
Ligier,Jacky ICKX,1979,25,Goodyear,Ford Cosworth
Tyrrell,Geoff LEES,1979,4,Goodyear,Ford Cosworth
Tyrrell,Derek DALY,1979,4,Goodyear,Ford Cosworth
Ensign,Marc SURER,1979,22,Goodyear,Ford Cosworth
Rebaque,Hector REBAQUE,1979,31,Goodyear,Ford Cosworth
Autodelta,Vittorio BRAMBILLA,1979,36,Goodyear,Alfa Romeo
Parmalat Racing Team,Niki LAUDA,1979,5,Goodyear,Ford Cosworth
Parmalat Racing Team,Ricardo ZUNINO,1979,5,Goodyear,Ford Cosworth
Parmalat Racing Team,Nelson PIQUET,1979,6,Goodyear,Ford Cosworth
Fittipaldi Automotive,Alex RIBEIRO,1979,19,Goodyear,Ford Cosworth
Tyrrell,Derek DALY,1979,33,Goodyear,Ford Cosworth
Ferrari,Jody SCHECKTER,1980,1,Michelin,Ferrari
Ferrari,Gilles VILLENEUVE,1980,2,Michelin,Ferrari
Tyrrell,Jean-Pierre JARIER,1980,3,Goodyear,Ford Cosworth
Tyrrell,Derek DALY,1980,4,Goodyear,Ford Cosworth
Parmalat Racing Team,Nelson PIQUET,1980,5,Goodyear,Ford Cosworth
Parmalat Racing Team,Ricardo ZUNINO,1980,6,Goodyear,Ford Cosworth
McLaren,John WATSON,1980,7,Goodyear,Ford Cosworth
McLaren,Alain PROST,1980,8,Goodyear,Ford Cosworth
ATS,Marc SURER,1980,9,Goodyear,Ford Cosworth
ATS,Jan LAMMERS,1980,10,Goodyear,Ford Cosworth
Lotus,Mario ANDRETTI,1980,11,Goodyear,Ford Cosworth
Lotus,Elio De ANGELIS,1980,12,Goodyear,Ford Cosworth
Unipart Racing Team,Clay REGAZZONI,1980,14,Goodyear,Ford Cosworth
Renault,Jean-Pierre JABOUILLE,1980,15,Michelin,Renault
Renault,René ARNOUX,1980,16,Michelin,Renault
Shadow,Stefan JOHANSSON,1980,17,Goodyear,Ford Cosworth
Shadow,David KENNEDY,1980,18,Goodyear,Ford Cosworth
Fittipaldi,Emerson FITTIPALDI,1980,20,Goodyear,Ford Cosworth
Fittipaldi,Keke ROSBERG,1980,21,Goodyear,Ford Cosworth
Alfa Romeo,Patrick DEPAILLER,1980,22,Goodyear,Alfa Romeo
Alfa Romeo,Bruno GIACOMELLI,1980,23,Goodyear,Alfa Romeo
Ligier,Didier PIRONI,1980,25,Goodyear,Ford Cosworth
Ligier,Jacques LAFFITE,1980,26,Goodyear,Ford Cosworth
Williams,Alan JONES,1980,27,Goodyear,Ford Cosworth
Williams,Carlos REUTEMANN,1980,28,Goodyear,Ford Cosworth
Arrows,Riccardo PATRESE,1980,29,Goodyear,Ford Cosworth
Arrows,Jochen MASS,1980,30,Goodyear,Ford Cosworth
Osella,Eddie CHEEVER,1980,31,Goodyear,Ford Cosworth
ATS,Jan LAMMERS,1980,9,Goodyear,Ford Cosworth
Shadow,Geoff LEES,1980,17,Goodyear,Ford Cosworth
McLaren,Stephen SOUTH,1980,8,Goodyear,Ford Cosworth
ATS,Marc SURER,1980,10,Goodyear,Ford Cosworth
Unipart Racing Team,Tiff NEEDELL,1980,14,Goodyear,Ford Cosworth
Merzario,Arturo MERZARIO,1980,24,Goodyear,Ford Cosworth
Unipart Racing Team,Jan LAMMERS,1980,14,Goodyear,Ford Cosworth
Parmalat Racing Team,Hector REBAQUE,1980,6,Goodyear,Ford Cosworth
Brands Hatch Racing,Desiré WILSON,1980,43,Goodyear,Ford Cosworth
Williams,Rupert KEEGAN,1980,50,Goodyear,Ford Cosworth
ATS,Harald ERTL,1980,10,Goodyear,Ford Cosworth
RAM/Penthouse-Rizla Racing,Rupert KEEGAN,1980,50,Goodyear,Ford Cosworth
Alfa Romeo,Vittorio BRAMBILLA,1980,22,Goodyear,Alfa Romeo
Lotus,Nigel MANSELL,1980,43,Goodyear,Ford Cosworth
Arrows,Mike THACKWELL,1980,30,Goodyear,Ford Cosworth
Unipart Racing Team,Geoff LEES,1980,41,Goodyear,Ford Cosworth
Arrows,Manfred WINKELHOCK,1980,30,Goodyear,Ford Cosworth
Alfa Romeo,Andrea De CESARIS,1980,22,Goodyear,Alfa Romeo
Tyrrell,Mike THACKWELL,1980,43,Goodyear,Ford Cosworth
RAM/Rainbow Jeans Racing,Kevin COGAN,1980,51,Goodyear,Ford Cosworth
RAM/Rainbow Jeans Racing,Geoff LEES,1980,51,Goodyear,Ford Cosworth
Williams,Alan JONES,1981,1,Michelin,Ford Cosworth
Williams,Carlos REUTEMANN,1981,2,Michelin,Ford Cosworth
Tyrrell,Eddie CHEEVER,1981,3,Michelin,Ford Cosworth
Tyrrell,Kevin COGAN,1981,4,Michelin,Ford Cosworth
Parmalat Racing Team,Nelson PIQUET,1981,5,Michelin,Ford Cosworth
Parmalat Racing Team,Hector REBAQUE,1981,6,Michelin,Ford Cosworth
McLaren,John WATSON,1981,7,Michelin,Ford Cosworth
McLaren,Andrea De CESARIS,1981,8,Michelin,Ford Cosworth
ATS,Jan LAMMERS,1981,9,Michelin,Ford Cosworth
Lotus,Elio De ANGELIS,1981,11,Michelin,Ford Cosworth
Lotus,Nigel MANSELL,1981,12,Michelin,Ford Cosworth
Ensign,Marc SURER,1981,14,Michelin,Ford Cosworth
Renault,Alain PROST,1981,15,Michelin,Renault
Renault,René ARNOUX,1981,16,Michelin,Renault
March,Derek DALY,1981,17,Michelin,Ford Cosworth
March,Eliseo SALAZAR,1981,18,Michelin,Ford Cosworth
Fittipaldi,Keke ROSBERG,1981,20,Michelin,Ford Cosworth
Fittipaldi,Chico SERRA,1981,21,Michelin,Ford Cosworth
Alfa Romeo,Mario ANDRETTI,1981,22,Michelin,Alfa Romeo
Alfa Romeo,Bruno GIACOMELLI,1981,23,Michelin,Alfa Romeo
Equipe Talbot Gitanes,Jean-Pierre JARIER,1981,25,Michelin,Matra
Equipe Talbot Gitanes,Jacques LAFFITE,1981,26,Michelin,Matra
Ferrari,Gilles VILLENEUVE,1981,27,Michelin,Ferrari
Ferrari,Didier PIRONI,1981,28,Michelin,Ferrari
Arrows,Riccardo PATRESE,1981,29,Michelin,Ford Cosworth
Arrows,Siegfried STOHR,1981,30,Michelin,Ford Cosworth
Osella,Miguel Angel GUERRA,1981,31,Michelin,Ford Cosworth
Osella,Beppe GABBIANI,1981,32,Michelin,Ford Cosworth
Theodore,Patrick TAMBAY,1981,33,Michelin,Ford Cosworth
Tyrrell,Ricardo ZUNINO,1981,4,Michelin,Ford Cosworth
Ensign,Ricardo LONDONO,1981,14,Michelin,Ford Cosworth
Equipe Talbot Gitanes,Jean-Pierre JABOUILLE,1981,25,Michelin,Matra
Tyrrell,Michele ALBORETO,1981,4,Michelin,Ford Cosworth
ATS,Slim BORGUDD,1981,10,Michelin,Ford Cosworth
March,Eliseo SALAZAR,1981,17,Michelin,Ford Cosworth
March,Derek DALY,1981,18,Michelin,Ford Cosworth
Fittipaldi,Keke ROSBERG,1981,20,Avon,Ford Cosworth
Fittipaldi,Chico SERRA,1981,21,Avon,Ford Cosworth
Toleman,Brian HENTON,1981,35,Pirelli,Hart
Toleman,Derek WARWICK,1981,36,Pirelli,Hart
ATS,Slim BORGUDD,1981,9,Michelin,Ford Cosworth
ATS,Jan LAMMERS,1981,10,Michelin,Ford Cosworth
Osella,Piercarlo GHINZANI,1981,31,Michelin,Ford Cosworth
Osella,Beppe GABBIANI,1981,31,Michelin,Ford Cosworth
Osella,Piercarlo GHINZANI,1981,32,Michelin,Ford Cosworth
Ensign,Eliseo SALAZAR,1981,14,Michelin,Ford Cosworth
Osella,Giorgio FRANCIA,1981,32,Michelin,Ford Cosworth
Equipe Banco Occidental,Emilio de VILLOTA,1981,37,Michelin,Ford Cosworth
Williams,Alan JONES,1981,1,Goodyear,Ford Cosworth
Williams,Carlos REUTEMANN,1981,2,Goodyear,Ford Cosworth
Parmalat Racing Team,Nelson PIQUET,1981,5,Goodyear,Ford Cosworth
Parmalat Racing Team,Hector REBAQUE,1981,6,Goodyear,Ford Cosworth
March,Derek DALY,1981,17,Avon,Ford Cosworth
Equipe Talbot Gitanes,Patrick TAMBAY,1981,25,Michelin,Matra
Osella,Miguel Angel GUERRA,1981,32,Michelin,Ford Cosworth
Theodore,Marc SURER,1981,33,Avon,Ford Cosworth
ATS,Slim BORGUDD,1981,9,Avon,Ford Cosworth
Lotus,Elio De ANGELIS,1981,11,Goodyear,Ford Cosworth
Lotus,Nigel MANSELL,1981,12,Goodyear,Ford Cosworth
Ensign,Eliseo SALAZAR,1981,14,Avon,Ford Cosworth
March,Stefan JOHANSSON,1981,18,Avon,Ford Cosworth
Arrows,Riccardo PATRESE,1981,29,Pirelli,Ford Cosworth
Arrows,Siegfried STOHR,1981,30,Pirelli,Ford Cosworth
Osella,Jean-Pierre JARIER,1981,32,Michelin,Ford Cosworth
Theodore,Geoff LEES,1981,34,Avon,Ford Cosworth
Tyrrell,Eddie CHEEVER,1981,3,Avon,Ford Cosworth
Tyrrell,Michele ALBORETO,1981,4,Avon,Ford Cosworth
Tyrrell,Eddie CHEEVER,1981,3,Goodyear,Ford Cosworth
Fittipaldi,Keke ROSBERG,1981,20,Pirelli,Ford Cosworth
Fittipaldi,Chico SERRA,1981,21,Pirelli,Ford Cosworth
Alfa Romeo,Mauro BALDI,1981,24,Michelin,Alfa Romeo
Arrows,Jacques Sr VILLENEUVE,1981,30,Pirelli,Ford Cosworth
Parmalat Racing Team,Nelson PIQUET,1982,1,Goodyear,BMW
Parmalat Racing Team,Riccardo PATRESE,1982,2,Goodyear,BMW
Tyrrell,Michele ALBORETO,1982,3,Goodyear,Ford Cosworth
Tyrrell,Slim BORGUDD,1982,4,Goodyear,Ford Cosworth
Williams,Carlos REUTEMANN,1982,5,Goodyear,Ford Cosworth
Williams,Keke ROSBERG,1982,6,Goodyear,Ford Cosworth
McLaren,John WATSON,1982,7,Michelin,Ford Cosworth
McLaren,Niki LAUDA,1982,8,Michelin,Ford Cosworth
ATS,Manfred WINKELHOCK,1982,9,Avon,Ford Cosworth
ATS,Eliseo SALAZAR,1982,10,Avon,Ford Cosworth
Lotus,Elio De ANGELIS,1982,11,Goodyear,Ford Cosworth
Lotus,Nigel MANSELL,1982,12,Goodyear,Ford Cosworth
Ensign,Roberto GUERRERO,1982,14,Avon,Ford Cosworth
Renault,Alain PROST,1982,15,Michelin,Renault
Renault,René ARNOUX,1982,16,Michelin,Renault
March,Jochen MASS,1982,17,Pirelli,Ford Cosworth
March,Raul BOESEL,1982,18,Pirelli,Ford Cosworth
Fittipaldi,Chico SERRA,1982,20,Pirelli,Ford Cosworth
Alfa Romeo,Andrea De CESARIS,1982,22,Michelin,Alfa Romeo
Alfa Romeo,Bruno GIACOMELLI,1982,23,Michelin,Alfa Romeo
Equipe Talbot Gitanes,Eddie CHEEVER,1982,25,Michelin,Matra
Equipe Talbot Gitanes,Jacques LAFFITE,1982,26,Michelin,Matra
Ferrari,Gilles VILLENEUVE,1982,27,Goodyear,Ferrari
Ferrari,Didier PIRONI,1982,28,Goodyear,Ferrari
Arrows,Brian HENTON,1982,29,Pirelli,Ford Cosworth
Arrows,Mauro BALDI,1982,30,Pirelli,Ford Cosworth
Osella,Jean-Pierre JARIER,1982,31,Pirelli,Ford Cosworth
Osella,Riccardo PALETTI,1982,32,Pirelli,Ford Cosworth
Theodore,Derek DALY,1982,33,Avon,Ford Cosworth
Toleman,Derek WARWICK,1982,35,Pirelli,Hart
Toleman,Teo FABI,1982,36,Pirelli,Hart
Parmalat Racing Team,Nelson PIQUET,1982,1,Goodyear,Ford Cosworth
Parmalat Racing Team,Riccardo PATRESE,1982,2,Goodyear,Ford Cosworth
Williams,Mario ANDRETTI,1982,5,Goodyear,Ford Cosworth
Tyrrell,Brian HENTON,1982,4,Goodyear,Ford Cosworth
Williams,Derek DALY,1982,5,Goodyear,Ford Cosworth
ATS,Manfred WINKELHOCK,1982,9,Michelin,Ford Cosworth
ATS,Eliseo SALAZAR,1982,10,Michelin,Ford Cosworth
March,Emilio de VILLOTA,1982,19,Pirelli,Ford Cosworth
Arrows,Marc SURER,1982,29,Pirelli,Ford Cosworth
Theodore,Jan LAMMERS,1982,33,Avon,Ford Cosworth
March,Jochen MASS,1982,17,Avon,Ford Cosworth
March,Raul BOESEL,1982,18,Avon,Ford Cosworth
March,Emilio de VILLOTA,1982,19,Avon,Ford Cosworth
Theodore,Jan LAMMERS,1982,33,Goodyear,Ford Cosworth
Ensign,Roberto GUERRERO,1982,14,Pirelli,Ford Cosworth
Theodore,Geoff LEES,1982,33,Goodyear,Ford Cosworth
Lotus,Roberto MORENO,1982,12,Goodyear,Ford Cosworth
Ferrari,Patrick TAMBAY,1982,27,Goodyear,Ferrari
Osella,Piercarlo GHINZANI,1982,32,Pirelli,Ford Cosworth
Lotus,Geoff LEES,1982,12,Goodyear,Ford Cosworth
March,Rupert KEEGAN,1982,17,Avon,Ford Cosworth
Theodore,Tommy BYRNE,1982,33,Goodyear,Ford Cosworth
March,Rupert KEEGAN,1982,17,Pirelli,Ford Cosworth
Ferrari,Mario ANDRETTI,1982,28,Goodyear,Ferrari
Osella,Johnny CECOTTO,1982,32,Pirelli,Ford Cosworth
Williams,Keke ROSBERG,1983,1,Goodyear,Ford Cosworth
Williams,Jacques LAFFITE,1983,2,Goodyear,Ford Cosworth
Tyrrell,Michele ALBORETO,1983,3,Goodyear,Ford Cosworth
Tyrrell,Danny SULLIVAN,1983,4,Goodyear,Ford Cosworth
Fila Sport,Nelson PIQUET,1983,5,Michelin,BMW
Fila Sport,Riccardo PATRESE,1983,6,Michelin,BMW
McLaren,John WATSON,1983,7,Michelin,Ford Cosworth
McLaren,Niki LAUDA,1983,8,Michelin,Ford Cosworth
ATS,Manfred WINKELHOCK,1983,9,Goodyear,BMW
Lotus,Elio De ANGELIS,1983,11,Pirelli,Ford Cosworth
Lotus,Nigel MANSELL,1983,12,Pirelli,Ford Cosworth
Renault,Alain PROST,1983,15,Michelin,Renault
Renault,Eddie CHEEVER,1983,16,Michelin,Renault
RAM Automotive Team March,Eliseo SALAZAR,1983,17,Pirelli,Ford Cosworth
Alfa Romeo,Andrea De CESARIS,1983,22,Michelin,Alfa Romeo
Alfa Romeo,Mauro BALDI,1983,23,Michelin,Alfa Romeo
Ligier,Jean-Pierre JARIER,1983,25,Michelin,Ford Cosworth
Ligier,Raul BOESEL,1983,26,Michelin,Ford Cosworth
Ferrari,Patrick TAMBAY,1983,27,Goodyear,Ferrari
Ferrari,René ARNOUX,1983,28,Goodyear,Ferrari
Arrows,Marc SURER,1983,29,Goodyear,Ford Cosworth
Arrows,Chico SERRA,1983,30,Goodyear,Ford Cosworth
Osella,Corrado FABI,1983,31,Michelin,Ford Cosworth
Osella,Piercarlo GHINZANI,1983,32,Michelin,Ford Cosworth
Theodore,Roberto GUERRERO,1983,33,Goodyear,Ford Cosworth
Theodore,Johnny CECOTTO,1983,34,Goodyear,Ford Cosworth
Toleman,Derek WARWICK,1983,35,Pirelli,Hart
Toleman,Bruno GIACOMELLI,1983,36,Pirelli,Hart
Lotus,Elio De ANGELIS,1983,11,Pirelli,Renault
Arrows,Alan JONES,1983,30,Goodyear,Ford Cosworth
RAM Automotive Team March,Jean-Louis SCHLESSER,1983,18,Pirelli,Ford Cosworth
Osella,Piercarlo GHINZANI,1983,32,Michelin,Alfa Romeo
Arrows,Thierry BOUTSEN,1983,30,Goodyear,Ford Cosworth
RAM Automotive Team March,Jacques Sr VILLENEUVE,1983,17,Pirelli,Ford Cosworth
ATS,Stefan BELLOF,1983,10,Goodyear,BMW
Lotus,Nigel MANSELL,1983,12,Pirelli,Renault
RAM Automotive Team March,Kenny ACHESON,1983,17,Pirelli,Ford Cosworth
Osella,Corrado FABI,1983,31,Michelin,Alfa Romeo
Spirit,Stefan JOHANSSON,1983,40,Goodyear,Honda
ATS,Jo GARTNER,1983,10,Goodyear,BMW
McLaren,Niki LAUDA,1983,8,Michelin,TAG Porsche
McLaren,John WATSON,1983,7,Michelin,TAG Porsche
Williams,Jonathan PALMER,1983,42,Goodyear,Ford Cosworth
McLaren,Stefan BELLOF,1983,43,Michelin,Ford Cosworth
Williams,Keke ROSBERG,1983,1,Goodyear,Honda
Williams,Jacques LAFFITE,1983,2,Goodyear,Honda
MRD International,Nelson PIQUET,1984,1,Michelin,BMW
MRD International,Teo FABI,1984,2,Michelin,BMW
Tyrrell,Martin BRUNDLE,1984,3,Goodyear,Ford Cosworth
Tyrrell,Stefan BELLOF,1984,4,Goodyear,Ford Cosworth
Williams,Jacques LAFFITE,1984,5,Goodyear,Honda
Williams,Keke ROSBERG,1984,6,Goodyear,Honda
McLaren,Alain PROST,1984,7,Michelin,TAG Porsche
McLaren,Niki LAUDA,1984,8,Michelin,TAG Porsche
Skoal Bandit Formula 1 Team,Philippe ALLIOT,1984,9,Pirelli,Hart
Skoal Bandit Formula 1 Team,Jonathan PALMER,1984,10,Pirelli,Hart
Lotus,Elio De ANGELIS,1984,11,Goodyear,Renault
Lotus,Nigel MANSELL,1984,12,Goodyear,Renault
ATS,Manfred WINKELHOCK,1984,14,Pirelli,BMW
Renault,Patrick TAMBAY,1984,15,Michelin,Renault
Renault,Derek WARWICK,1984,16,Michelin,Renault
Arrows,Marc SURER,1984,17,Goodyear,Ford Cosworth
Arrows,Thierry BOUTSEN,1984,18,Goodyear,Ford Cosworth
Toleman,Ayrton SENNA,1984,19,Pirelli,Hart
Toleman,Johnny CECOTTO,1984,20,Pirelli,Hart
Spirit,Mauro BALDI,1984,21,Pirelli,Hart
Alfa Romeo,Riccardo PATRESE,1984,22,Goodyear,Alfa Romeo
Alfa Romeo,Eddie CHEEVER,1984,23,Goodyear,Alfa Romeo
Osella,Piercarlo GHINZANI,1984,24,Pirelli,Alfa Romeo
Ligier,François HESNAULT,1984,25,Michelin,Renault
Ligier,Andrea De CESARIS,1984,26,Michelin,Renault
Ferrari,Michele ALBORETO,1984,27,Goodyear,Ferrari
Ferrari,René ARNOUX,1984,28,Goodyear,Ferrari
Arrows,Thierry BOUTSEN,1984,18,Goodyear,BMW
Arrows,Marc SURER,1984,17,Goodyear,BMW
Osella,Jo GARTNER,1984,30,Pirelli,Alfa Romeo
Toleman,Ayrton SENNA,1984,19,Michelin,Hart
Toleman,Johnny CECOTTO,1984,20,Michelin,Hart
MRD International,Corrado FABI,1984,2,Michelin,BMW
Skoal Bandit Formula 1 Team,Mike THACKWELL,1984,10,Pirelli,Hart
Spirit,Huub ROTHENGATTER,1984,21,Pirelli,Hart
Renault,Mario ANDRETTI *,1984,15,Michelin,Renault
Spirit,Huub ROTHENGATTER,1984,21,Pirelli,Ford Cosworth
Tyrrell,Stefan JOHANSSON,1984,3,Goodyear,Ford Cosworth
Tyrrell,Mike THACKWELL,1984,4,Goodyear,Ford Cosworth
ATS,Gerhard BERGER,1984,31,Pirelli,BMW
Toleman,Stefan JOHANSSON,1984,19,Michelin,Hart
Toleman,Pierluigi MARTINI,1984,20,Michelin,Hart
Toleman,Stefan JOHANSSON,1984,20,Michelin,Hart
Spirit,Pascal FABRE,1984,34,Pirelli,Hart
MRD International,Manfred WINKELHOCK,1984,2,Michelin,BMW
ATS,Gerhard BERGER,1984,14,Pirelli,BMW
McLaren,Stefan BELLOF,1984,32,Michelin,TAG Porsche
Renault,Philippe STREIFF,1984,33,Michelin,Renault
Spirit,Huub ROTHENGATTER,1984,34,Pirelli,Hart
McLaren,Niki LAUDA,1985,1,Goodyear,TAG Porsche
McLaren,Alain PROST,1985,2,Goodyear,TAG Porsche
Tyrrell,Martin BRUNDLE,1985,3,Goodyear,Ford Cosworth
Tyrrell,Stefan BELLOF,1985,4,Goodyear,Ford Cosworth
Tyrrell,Stefan JOHANSSON,1985,4,Goodyear,Ford Cosworth
Williams,Nigel MANSELL,1985,5,Goodyear,Honda
Williams,Keke ROSBERG,1985,6,Goodyear,Honda
Motor Racing Developments Ltd,Nelson PIQUET,1985,7,Pirelli,BMW
Motor Racing Developments Ltd,François HESNAULT,1985,8,Pirelli,BMW
Skoal Bandit Formula 1 Team,Manfred WINKELHOCK,1985,9,Pirelli,Hart
Skoal Bandit Formula 1 Team,Philippe ALLIOT,1985,10,Pirelli,Hart
Lotus,Elio De ANGELIS,1985,11,Goodyear,Renault
Lotus,Ayrton SENNA,1985,12,Goodyear,Renault
Renault,Patrick TAMBAY,1985,15,Goodyear,Renault
Renault,Derek WARWICK,1985,16,Goodyear,Renault
Arrows,Gerhard BERGER,1985,17,Goodyear,BMW
Arrows,Thierry BOUTSEN,1985,18,Goodyear,BMW
Toleman,Stefan JOHANSSON,1985,19,?,Hart
Toleman,John WATSON,1985,20,?,Hart
Spirit,Mauro BALDI,1985,21,Pirelli,Hart
Alfa Romeo,Riccardo PATRESE,1985,22,Goodyear,Alfa Romeo
Alfa Romeo,Eddie CHEEVER,1985,23,Goodyear,Alfa Romeo
Osella,Piercarlo GHINZANI,1985,24,Pirelli,Alfa Romeo
Ligier,Andrea De CESARIS,1985,25,Pirelli,Renault
Ligier,Jacques LAFFITE,1985,26,Pirelli,Renault
Ferrari,Michele ALBORETO,1985,27,Goodyear,Ferrari
Ferrari,René ARNOUX,1985,28,Goodyear,Ferrari
Minardi,Pierluigi MARTINI,1985,29,Pirelli,Ford Cosworth
Ferrari,Stefan JOHANSSON,1985,28,Goodyear,Ferrari
Zakspeed,Jonathan PALMER,1985,30,Goodyear,Zakspeed
Minardi,Pierluigi MARTINI,1985,29,Pirelli,Motori Moderni
Toleman,Teo FABI,1985,19,Pirelli,Hart
Motor Racing Developments Ltd,Marc SURER,1985,8,Pirelli,BMW
Spirit,Allen BERG,1985,21,Pirelli,Hart
Tyrrell,Martin BRUNDLE,1985,3,Goodyear,Renault
Tyrrell,Stefan BELLOF,1985,3,Goodyear,Renault
Tyrrell,Martin BRUNDLE,1985,4,Goodyear,Ford Cosworth
Renault,François HESNAULT,1985,14,Goodyear,Renault
Osella,Huub ROTHENGATTER,1985,24,Pirelli,Alfa Romeo
Skoal Bandit Formula 1 Team,Philippe ALLIOT,1985,9,Pirelli,Hart
Skoal Bandit Formula 1 Team,Kenny ACHESON,1985,10,Pirelli,Hart
Toleman,Piercarlo GHINZANI,1985,20,Pirelli,Hart
Tyrrell,Stefan BELLOF,1985,4,Goodyear,Renault
Ligier,Philippe STREIFF,1985,25,Pirelli,Renault
Zakspeed,Christian DANNER,1985,30,Goodyear,Zakspeed
Team Haas (USA) Ltd,Alan JONES,1985,33,Goodyear,Hart
McLaren,John WATSON,1985,1,Goodyear,TAG Porsche
Tyrrell,Ivan CAPELLI,1985,4,Goodyear,Renault
Tyrrell,Philippe STREIFF,1985,4,Goodyear,Renault
McLaren,Alain PROST,1986,1,Goodyear,TAG Porsche
McLaren,Keke ROSBERG,1986,2,Goodyear,TAG Porsche
Tyrrell,Martin BRUNDLE,1986,3,Goodyear,Renault
Tyrrell,Philippe STREIFF,1986,4,Goodyear,Renault
Williams,Nigel MANSELL,1986,5,Goodyear,Honda
Williams,Nelson PIQUET,1986,6,Goodyear,Honda
Motor Racing Developments Ltd,Riccardo PATRESE,1986,7,Pirelli,BMW
Motor Racing Developments Ltd,Elio De ANGELIS,1986,8,Pirelli,BMW
RAM,Mike THACKWELL,1986,9,Pirelli,Hart
Lotus,Johnny DUMFRIES,1986,11,Goodyear,Renault
Lotus,Ayrton SENNA,1986,12,Goodyear,Renault
Zakspeed,Jonathan PALMER,1986,14,Goodyear,Zakspeed
Team Haas (USA) Ltd,Alan JONES,1986,15,Goodyear,Hart
Team Haas (USA) Ltd,Patrick TAMBAY,1986,16,Goodyear,Hart
Arrows,Marc SURER,1986,17,Goodyear,BMW
Arrows,Thierry BOUTSEN,1986,18,Goodyear,BMW
Benetton,Teo FABI,1986,19,Pirelli,BMW
Benetton,Gerhard BERGER,1986,20,Pirelli,BMW
Osella,Piercarlo GHINZANI,1986,21,Pirelli,Alfa Romeo
Osella,Christian DANNER,1986,22,Pirelli,Alfa Romeo
Minardi,Andrea De CESARIS,1986,23,Pirelli,Motori Moderni
Minardi,Alessandro NANNINI,1986,24,Pirelli,Motori Moderni
Ligier,René ARNOUX,1986,25,Pirelli,Renault
Ligier,Jacques LAFFITE,1986,26,Pirelli,Renault
Ferrari,Michele ALBORETO,1986,27,Goodyear,Ferrari
Ferrari,Stefan JOHANSSON,1986,28,Goodyear,Ferrari
Team Haas (USA) Ltd,Alan JONES,1986,15,Goodyear,Ford Cosworth
Zakspeed,Huub ROTHENGATTER,1986,29,Goodyear,Zakspeed
Ekström,Mauro BALDI,1986,30,Pirelli,Motori Moderni
Team Haas (USA) Ltd,Patrick TAMBAY,1986,16,Goodyear,Ford Cosworth
Motor Racing Developments Ltd,Derek WARWICK,1986,8,Pirelli,BMW
Team Haas (USA) Ltd,Eddie CHEEVER,1986,16,Goodyear,Ford Cosworth
Arrows,Christian DANNER,1986,17,Goodyear,BMW
Osella,Allen BERG,1986,22,Pirelli,Alfa Romeo
Ligier,Philippe ALLIOT,1986,26,Pirelli,Renault
Osella,Alex CAFFI,1986,22,Pirelli,Alfa Romeo
Jolly Club SpA,Ivan CAPELLI,1986,31,Pirelli,Motori Moderni
McLaren,Alain PROST,1987,1,Goodyear,TAG Porsche
McLaren,Stefan JOHANSSON,1987,2,Goodyear,TAG Porsche
Tyrrell,Jonathan PALMER,1987,3,Goodyear,Ford Cosworth
Tyrrell,Philippe STREIFF,1987,4,Goodyear,Ford Cosworth
Williams,Nigel MANSELL,1987,5,Goodyear,Honda
Williams,Nelson PIQUET,1987,6,Goodyear,Honda
Motor Racing Developments Ltd,Riccardo PATRESE,1987,7,Goodyear,BMW
Motor Racing Developments Ltd,Mauro BALDI,1987,8,Goodyear,BMW
Motor Racing Developments Ltd,Andrea De CESARIS,1987,8,Goodyear,BMW
Zakspeed,Martin BRUNDLE,1987,9,Goodyear,Zakspeed
Zakspeed,Christian DANNER,1987,10,Goodyear,Zakspeed
Lotus,Satoru NAKAJIMA,1987,11,Goodyear,Honda
Lotus,Ayrton SENNA,1987,12,Goodyear,Honda
AGS,Pascal FABRE,1987,14,Goodyear,Ford Cosworth
March,Ivan CAPELLI,1987,16,Goodyear,Ford Cosworth
Arrows,Derek WARWICK,1987,17,Goodyear,Megatron
Arrows,Eddie CHEEVER,1987,18,Goodyear,Megatron
Benetton,Teo FABI,1987,19,Goodyear,Ford Cosworth
Benetton,Thierry BOUTSEN,1987,20,Goodyear,Ford Cosworth
Osella,Alex CAFFI,1987,21,Goodyear,Alfa Romeo
Minardi,Adrian CAMPOS,1987,23,Goodyear,Motori Moderni
Minardi,Alessandro NANNINI,1987,24,Goodyear,Motori Moderni
Ligier,René ARNOUX,1987,25,Goodyear,Alfa Romeo
Ferrari,Michele ALBORETO,1987,27,Goodyear,Ferrari
Ferrari,Gerhard BERGER,1987,28,Goodyear,Ferrari
Larrousse & Calmels F1,Philippe ALLIOT,1987,30,Goodyear,Ford Cosworth
Osella,Gabriele TARQUINI,1987,22,Goodyear,Alfa Romeo
Ligier,René ARNOUX,1987,25,Goodyear,Megatron
Ligier,Piercarlo GHINZANI,1987,26,Goodyear,Megatron
Osella,Franco FORINI,1987,22,Goodyear,Alfa Romeo
Trussardi,Emanuele PIRRO,1987,31,Goodyear,Megatron
Coloni,Nicola LARINI,1987,32,Goodyear,Ford Cosworth
Larrousse & Calmels F1,Yannick DALMAS,1987,29,Goodyear,Ford Cosworth
AGS,Roberto MORENO,1987,14,Goodyear,Ford Cosworth
Trussardi,Aguri SUZUKI,1987,31,Goodyear,Megatron
Williams,Riccardo PATRESE,1987,5,Goodyear,Honda
Motor Racing Developments Ltd,Stefano MODENA,1987,7,Goodyear,BMW
Lotus,Nelson PIQUET,1988,1,Goodyear,Honda
Lotus,Satoru NAKAJIMA,1988,2,Goodyear,Honda
Tyrrell,Jonathan PALMER,1988,3,Goodyear,Ford Cosworth
Tyrrell,Julian BAILEY,1988,4,Goodyear,Ford Cosworth
Williams,Nigel MANSELL,1988,5,Goodyear,Judd
Williams,Riccardo PATRESE,1988,6,Goodyear,Judd
Zakspeed,Piercarlo GHINZANI,1988,9,Goodyear,Zakspeed
Zakspeed,Bernd SCHNEIDER,1988,10,Goodyear,Zakspeed
McLaren,Alain PROST,1988,11,Goodyear,Honda
McLaren,Ayrton SENNA,1988,12,Goodyear,Honda
AGS,Philippe STREIFF,1988,14,Goodyear,Ford Cosworth
March,Mauricio GUGELMIN,1988,15,Goodyear,Judd
March,Ivan CAPELLI,1988,16,Goodyear,Judd
Arrows,Derek WARWICK,1988,17,Goodyear,Megatron
Arrows,Eddie CHEEVER,1988,18,Goodyear,Megatron
Benetton,Alessandro NANNINI,1988,19,Goodyear,Ford Cosworth
Benetton,Thierry BOUTSEN,1988,20,Goodyear,Ford Cosworth
Osella,Nicola LARINI,1988,21,Goodyear,Osella
Rial,Andrea De CESARIS,1988,22,Goodyear,Ford Cosworth
Minardi,Adrian CAMPOS,1988,23,Goodyear,Ford Cosworth
Minardi,Luis PEREZ-SALA,1988,24,Goodyear,Ford Cosworth
Ligier,René ARNOUX,1988,25,Goodyear,Judd
Ligier,Stefan JOHANSSON,1988,26,Goodyear,Judd
Ferrari,Michele ALBORETO,1988,27,Goodyear,Ferrari
Ferrari,Gerhard BERGER,1988,28,Goodyear,Ferrari
Larrousse & Calmels F1,Yannick DALMAS,1988,29,Goodyear,Ford Cosworth
Larrousse & Calmels F1,Philippe ALLIOT,1988,30,Goodyear,Ford Cosworth
Coloni,Gabriele TARQUINI,1988,31,Goodyear,Ford Cosworth
Eurobrun,Oscar LARRAURI,1988,32,Goodyear,Ford Cosworth
Eurobrun,Stefano MODENA,1988,33,Goodyear,Ford Cosworth
BMS Scuderia Italia,Alex CAFFI,1988,36,Goodyear,Ford Cosworth
Minardi,Pierluigi MARTINI,1988,23,Goodyear,Ford Cosworth
Williams,Martin BRUNDLE,1988,5,Goodyear,Judd
Williams,Jean-Louis SCHLESSER,1988,5,Goodyear,Judd
Larrousse & Calmels F1,Aguri SUZUKI,1988,29,Goodyear,Ford Cosworth
Larrousse & Calmels F1,Pierre-Henri RAPHANEL,1988,29,Goodyear,Ford Cosworth
McLaren,Ayrton SENNA,1989,1,Goodyear,Honda
McLaren,Alain PROST,1989,2,Goodyear,Honda
Tyrrell,Jonathan PALMER,1989,3,Goodyear,Ford Cosworth
Tyrrell,Michele ALBORETO,1989,4,Goodyear,Ford Cosworth
Williams,Thierry BOUTSEN,1989,5,Goodyear,Renault
Williams,Riccardo PATRESE,1989,6,Goodyear,Renault
Motor Racing Developments,Martin BRUNDLE,1989,7,Pirelli,Judd
Motor Racing Developments,Stefano MODENA,1989,8,Pirelli,Judd
Arrows,Derek WARWICK,1989,9,Goodyear,Ford Cosworth
Arrows,Eddie CHEEVER,1989,10,Goodyear,Ford Cosworth
Lotus,Nelson PIQUET,1989,11,Goodyear,Judd
Lotus,Satoru NAKAJIMA,1989,12,Goodyear,Judd
March,Mauricio GUGELMIN,1989,15,Goodyear,Judd
March,Ivan CAPELLI,1989,16,Goodyear,Judd
Osella,Nicola LARINI,1989,17,Pirelli,Ford Cosworth
Osella,Piercarlo GHINZANI,1989,18,Pirelli,Ford Cosworth
Benetton,Alessandro NANNINI,1989,19,Goodyear,Ford Cosworth
Benetton,Johnny HERBERT,1989,20,Goodyear,Ford Cosworth
BMS Scuderia Italia,Alex CAFFI,1989,21,Pirelli,Ford Cosworth
BMS Scuderia Italia,Andrea De CESARIS,1989,22,Pirelli,Ford Cosworth
Minardi,Pierluigi MARTINI,1989,23,Pirelli,Ford Cosworth
Minardi,Luis PEREZ-SALA,1989,24,Pirelli,Ford Cosworth
Ligier,René ARNOUX,1989,25,Goodyear,Ford Cosworth
Ligier,Olivier GROUILLARD,1989,26,Goodyear,Ford Cosworth
Ferrari,Nigel MANSELL,1989,27,Goodyear,Ferrari
Ferrari,Gerhard BERGER,1989,28,Goodyear,Ferrari
Larrousse & Calmels F1,Yannick DALMAS,1989,29,Goodyear,Lamborghini
Larrousse & Calmels F1,Philippe ALLIOT,1989,30,Goodyear,Lamborghini
Coloni,Roberto MORENO,1989,31,Pirelli,Ford Cosworth
Coloni,Pierre-Henri RAPHANEL,1989,32,Pirelli,Ford Cosworth
Eurobrun,Gregor FOITEK,1989,33,Pirelli,Judd
Zakspeed,Bernd SCHNEIDER,1989,34,Pirelli,Yamaha
Zakspeed,Aguri SUZUKI,1989,35,Pirelli,Yamaha
Onyx,Stefan JOHANSSON,1989,36,Goodyear,Ford Cosworth
Onyx,Bertrand GACHOT,1989,37,Goodyear,Ford Cosworth
Rial,Christian DANNER,1989,38,Goodyear,Ford Cosworth
Rial,Volker WEIDLER,1989,39,Goodyear,Ford Cosworth
AGS,Philippe STREIFF,1989,40,Goodyear,Ford Cosworth
AGS,Joachim WINKELHOCK,1989,41,Goodyear,Ford Cosworth
Equipe Larrousse,Yannick DALMAS,1989,29,Goodyear,Lamborghini
Equipe Larrousse,Philippe ALLIOT,1989,30,Goodyear,Lamborghini
AGS,Gabriele TARQUINI,1989,40,Goodyear,Ford Cosworth
Osella,Enrico BERTAGGIA *,1989,17,Pirelli,Ford Cosworth
Tyrrell,Jean ALESI,1989,4,Goodyear,Ford Cosworth
Arrows,Martin DONNELLY,1989,9,Goodyear,Ford Cosworth
Benetton,Emanuele PIRRO,1989,20,Goodyear,Ford Cosworth
Equipe Larrousse,Eric BERNARD,1989,29,Goodyear,Lamborghini
AGS,Yannick DALMAS,1989,41,Goodyear,Ford Cosworth
Equipe Larrousse,Michele ALBORETO,1989,29,Goodyear,Lamborghini
Tyrrell,Johnny HERBERT,1989,4,Goodyear,Ford Cosworth
Coloni,Enrico BERTAGGIA,1989,32,Pirelli,Ford Cosworth
Rial,Pierre-Henri RAPHANEL,1989,39,Goodyear,Ford Cosworth
Eurobrun,Oscar LARRAURI,1989,33,Pirelli,Judd
Onyx,JJ LEHTO,1989,37,Goodyear,Ford Cosworth
Rial,Gregor FOITEK,1989,38,Goodyear,Ford Cosworth
Minardi,Paolo BARILLA,1989,23,Pirelli,Ford Cosworth
Rial,Pierre-Henri RAPHANEL,1989,38,Goodyear,Ford Cosworth
Rial,Bertrand GACHOT,1989,39,Goodyear,Ford Cosworth
Ferrari,Alain PROST,1990,1,Goodyear,Ferrari
Ferrari,Nigel MANSELL,1990,2,Goodyear,Ferrari
Tyrrell,Satoru NAKAJIMA,1990,3,Pirelli,Ford Cosworth
Tyrrell,Jean ALESI,1990,4,Pirelli,Ford Cosworth
Williams,Thierry BOUTSEN,1990,5,Goodyear,Renault
Williams,Riccardo PATRESE,1990,6,Goodyear,Renault
Motor Racing Developments,Gregor FOITEK,1990,7,Pirelli,Judd
Motor Racing Developments,Stefano MODENA,1990,8,Pirelli,Judd
Arrows,Michele ALBORETO,1990,9,Goodyear,Ford Cosworth
Arrows,Bernd SCHNEIDER,1990,10,Goodyear,Ford Cosworth
Lotus,Derek WARWICK,1990,11,Goodyear,Lamborghini
Lotus,Martin DONNELLY,1990,12,Goodyear,Lamborghini
Osella,Olivier GROUILLARD,1990,14,Pirelli,Ford Cosworth
Leyton House,Mauricio GUGELMIN,1990,15,Goodyear,Judd
Leyton House,Ivan CAPELLI,1990,16,Goodyear,Judd
AGS,Gabriele TARQUINI,1990,17,Goodyear,Ford Cosworth
AGS,Yannick DALMAS,1990,18,Goodyear,Ford Cosworth
Benetton,Alessandro NANNINI,1990,19,Goodyear,Ford Cosworth
Benetton,Nelson PIQUET,1990,20,Goodyear,Ford Cosworth
BMS Scuderia Italia,Gianni MORBIDELLI,1990,21,Pirelli,Ford Cosworth
BMS Scuderia Italia,Andrea De CESARIS,1990,22,Pirelli,Ford Cosworth
Minardi,Pierluigi MARTINI,1990,23,Pirelli,Ford Cosworth
Minardi,Paolo BARILLA,1990,24,Pirelli,Ford Cosworth
Ligier,Nicola LARINI,1990,25,Goodyear,Ford Cosworth
Ligier,Philippe ALLIOT,1990,26,Goodyear,Ford Cosworth
McLaren,Ayrton SENNA,1990,27,Goodyear,Honda
McLaren,Gerhard BERGER,1990,28,Goodyear,Honda
Espo Larrousse F1,Eric BERNARD,1990,29,Goodyear,Lamborghini
Espo Larrousse F1,Aguri SUZUKI,1990,30,Goodyear,Lamborghini
Coloni,Bertrand GACHOT,1990,31,Goodyear,Subaru
Eurobrun,Roberto MORENO,1990,33,Pirelli,Judd
Eurobrun,Claudio LANGES,1990,34,Pirelli,Judd
Onyx,Stefan JOHANSSON,1990,35,Goodyear,Ford Cosworth
Onyx,JJ LEHTO,1990,36,Goodyear,Ford Cosworth
Life,Gary BRABHAM,1990,39,Goodyear,Life
Arrows,Alex CAFFI,1990,10,Goodyear,Ford Cosworth
Motor Racing Developments,David BRABHAM,1990,7,Pirelli,Judd
BMS Scuderia Italia,Emanuele PIRRO,1990,21,Pirelli,Ford Cosworth
Onyx,Gregor FOITEK,1990,35,Goodyear,Ford Cosworth
Life,Bruno GIACOMELLI,1990,39,Goodyear,Life
Minardi,Marco APICELLA *,1990,23,Pirelli,Ford Cosworth
Coloni,Bertrand GACHOT,1990,31,Goodyear,Ford Cosworth
Monteverdi,Gregor FOITEK,1990,35,Goodyear,Ford Cosworth
Monteverdi,JJ LEHTO,1990,36,Goodyear,Ford Cosworth
Life,Bruno GIACOMELLI,1990,39,Goodyear,Judd
Lotus,Johnny HERBERT,1990,12,Goodyear,Lamborghini
Benetton,Roberto MORENO,1990,19,Goodyear,Ford Cosworth
Minardi,Gianni MORBIDELLI,1990,24,Pirelli,Ford Cosworth
McLaren,Ayrton SENNA,1991,1,Goodyear,Honda
McLaren,Gerhard BERGER,1991,2,Goodyear,Honda
Tyrrell,Satoru NAKAJIMA,1991,3,Pirelli,Honda
Tyrrell,Stefano MODENA,1991,4,Pirelli,Honda
Williams,Nigel MANSELL,1991,5,Goodyear,Renault
Williams,Riccardo PATRESE,1991,6,Goodyear,Renault
Motor Racing Developments Ltd,Martin BRUNDLE,1991,7,Pirelli,Yamaha
Motor Racing Developments Ltd,Mark BLUNDELL,1991,8,Pirelli,Yamaha
Footwork,Michele ALBORETO,1991,9,Goodyear,Porsche
Footwork,Alex CAFFI,1991,10,Goodyear,Porsche
Lotus,Mika HAKKINEN,1991,11,Goodyear,Judd
Lotus,Julian BAILEY,1991,12,Goodyear,Judd
Fondmetal,Olivier GROUILLARD,1991,14,Goodyear,Ford Cosworth
Leyton House,Mauricio GUGELMIN,1991,15,Goodyear,Ilmor
Leyton House,Ivan CAPELLI,1991,16,Goodyear,Ilmor
AGS,Gabriele TARQUINI,1991,17,Goodyear,Ford Cosworth
AGS,Stefan JOHANSSON,1991,18,Goodyear,Ford Cosworth
Benetton,Roberto MORENO,1991,19,Pirelli,Ford Cosworth
Benetton,Nelson PIQUET,1991,20,Pirelli,Ford Cosworth
BMS Scuderia Italia,Emanuele PIRRO,1991,21,Pirelli,Judd
BMS Scuderia Italia,JJ LEHTO,1991,22,Pirelli,Judd
Minardi,Pierluigi MARTINI,1991,23,Goodyear,Ferrari
Minardi,Gianni MORBIDELLI,1991,24,Goodyear,Ferrari
Ligier,Thierry BOUTSEN,1991,25,Goodyear,Lamborghini
Ligier,Erik COMAS,1991,26,Goodyear,Lamborghini
Ferrari,Alain PROST,1991,27,Goodyear,Ferrari
Ferrari,Jean ALESI,1991,28,Goodyear,Ferrari
Larrousse F1,Eric BERNARD,1991,29,Goodyear,Ford Cosworth
Larrousse F1,Aguri SUZUKI,1991,30,Goodyear,Ford Cosworth
Coloni,Pedro CHAVES,1991,31,Goodyear,Ford Cosworth
Jordan,Bertrand GACHOT,1991,32,Goodyear,Ford Cosworth
Jordan,Andrea De CESARIS,1991,33,Goodyear,Ford Cosworth
Modena Team SpA,Nicola LARINI,1991,34,Goodyear,Lamborghini
Modena Team SpA,Eric van de POELE,1991,35,Goodyear,Lamborghini
AGS,Fabrizio BARBAZZA,1991,18,Goodyear,Ford Cosworth
Footwork,Stefan JOHANSSON,1991,10,Goodyear,Porsche
Lotus,Johnny HERBERT,1991,12,Goodyear,Judd
Footwork,Michele ALBORETO,1991,9,Goodyear,Ford Cosworth
Footwork,Stefan JOHANSSON,1991,10,Goodyear,Ford Cosworth
Footwork,Alex CAFFI,1991,10,Goodyear,Ford Cosworth
Lotus,Michael BARTELS,1991,12,Goodyear,Judd
Jordan,Michael SCHUMACHER,1991,32,Goodyear,Ford Cosworth
Benetton,Michael SCHUMACHER,1991,19,Pirelli,Ford Cosworth
Jordan,Roberto MORENO,1991,32,Goodyear,Ford Cosworth
Fondmetal,Gabriele TARQUINI,1991,14,Goodyear,Ford Cosworth
AGS,Olivier GROUILLARD,1991,17,Goodyear,Ford Cosworth
Jordan,Alessandro ZANARDI,1991,32,Goodyear,Ford Cosworth
Leyton House,Karl WENDLINGER,1991,16,Goodyear,Ilmor
Coloni,Naoki HATTORI,1991,31,Goodyear,Ford Cosworth
Minardi,Roberto MORENO,1991,24,Goodyear,Ferrari
Ferrari,Gianni MORBIDELLI,1991,27,Goodyear,Ferrari
Larrousse F1,Bertrand GACHOT,1991,29,Goodyear,Ford Cosworth
McLaren,Ayrton SENNA,1992,1,Goodyear,Honda
McLaren,Gerhard BERGER,1992,2,Goodyear,Honda
Tyrrell,Olivier GROUILLARD,1992,3,Goodyear,Ilmor
Tyrrell,Andrea De CESARIS,1992,4,Goodyear,Ilmor
Williams,Nigel MANSELL,1992,5,Goodyear,Renault
Williams,Riccardo PATRESE,1992,6,Goodyear,Renault
Motor Racing Developments Ltd,Eric van de POELE,1992,7,Goodyear,Judd
Motor Racing Developments Ltd,Giovanna AMATI,1992,8,Goodyear,Judd
Motor Racing Developments Ltd,Akihiko NAKAYA,1992,8,Goodyear,Judd
Footwork,Michele ALBORETO,1992,9,Goodyear,Mugen Honda
Footwork,Aguri SUZUKI,1992,10,Goodyear,Mugen Honda
Lotus,Mika HAKKINEN,1992,11,Goodyear,Ford Cosworth
Lotus,Johnny HERBERT,1992,12,Goodyear,Ford Cosworth
Fondmetal,Andrea CHIESA,1992,14,Goodyear,Ford Cosworth
Fondmetal,Gabriele TARQUINI,1992,15,Goodyear,Ford Cosworth
March,Karl WENDLINGER,1992,16,Goodyear,Ilmor
March,Paul BELMONDO,1992,17,Goodyear,Ilmor
Benetton,Michael SCHUMACHER,1992,19,Goodyear,Ford Cosworth
Benetton,Martin BRUNDLE,1992,20,Goodyear,Ford Cosworth
BMS Scuderia Italia,JJ LEHTO,1992,21,Goodyear,Ferrari
BMS Scuderia Italia,Pierluigi MARTINI,1992,22,Goodyear,Ferrari
Minardi,Christian FITTIPALDI,1992,23,Goodyear,Lamborghini
Minardi,Gianni MORBIDELLI,1992,24,Goodyear,Lamborghini
Ligier,Thierry BOUTSEN,1992,25,Goodyear,Renault
Ligier,Erik COMAS,1992,26,Goodyear,Renault
Ferrari,Jean ALESI,1992,27,Goodyear,Ferrari
Ferrari,Ivan CAPELLI,1992,28,Goodyear,Ferrari
Venturi,Bertrand GACHOT,1992,29,Goodyear,Lamborghini
Venturi,Ukyo KATAYAMA,1992,30,Goodyear,Lamborghini
Jordan,Stefano MODENA,1992,32,Goodyear,Yamaha
Jordan,Mauricio GUGELMIN,1992,33,Goodyear,Yamaha
Andrea Moda,Alex CAFFI,1992,34,Goodyear,Judd
Andrea Moda,Enrico BERTAGGIA,1992,35,Goodyear,Judd
Andrea Moda,Roberto MORENO,1992,34,Goodyear,Judd
Andrea Moda,Perry McCARTHY,1992,35,Goodyear,Judd
Motor Racing Developments Ltd,Damon HILL,1992,8,Goodyear,Judd
Minardi,Alessandro ZANARDI,1992,23,Goodyear,Lamborghini
Motor Racing Developments Ltd,Julian BAILEY,1992,7,Goodyear,Judd
Fondmetal,Eric van de POELE,1992,14,Goodyear,Ford Cosworth
March,Emanuele NASPETTI,1992,17,Goodyear,Ilmor
March,Jan LAMMERS,1992,16,Goodyear,Ilmor
Ferrari,Nicola LARINI,1992,28,Goodyear,Ferrari
Williams,Damon HILL,1993,0,Goodyear,Renault
Williams,Alain PROST,1993,2,Goodyear,Renault
Tyrrell,Ukyo KATAYAMA,1993,3,Goodyear,Yamaha
Tyrrell,Andrea De CESARIS,1993,4,Goodyear,Yamaha
Benetton,Michael SCHUMACHER,1993,5,Goodyear,Ford Cosworth
Benetton,Riccardo PATRESE,1993,6,Goodyear,Ford Cosworth
McLaren,Michael ANDRETTI,1993,7,Goodyear,Ford Cosworth
McLaren,Ayrton SENNA,1993,8,Goodyear,Ford Cosworth
Footwork,Derek WARWICK,1993,9,Goodyear,Mugen Honda
Footwork,Aguri SUZUKI,1993,10,Goodyear,Mugen Honda
Lotus,Alessandro ZANARDI,1993,11,Goodyear,Ford Cosworth
Lotus,Johnny HERBERT,1993,12,Goodyear,Ford Cosworth
Jordan,Rubens BARRICHELLO,1993,14,Goodyear,Hart
Jordan,Ivan CAPELLI,1993,15,Goodyear,Hart
March,Jean-Marc GOUNON,1993,16,Goodyear,Ilmor
March,Jan LAMMERS,1993,17,Goodyear,Ilmor
Larrousse,Philippe ALLIOT,1993,19,Goodyear,Lamborghini
Larrousse,Erik COMAS,1993,20,Goodyear,Lamborghini
Lola,Michele ALBORETO,1993,21,Goodyear,Ferrari
Lola,Luca BADOER,1993,22,Goodyear,Ferrari
Minardi,Christian FITTIPALDI,1993,23,Goodyear,Ford Cosworth
Minardi,Fabrizio BARBAZZA,1993,24,Goodyear,Ford Cosworth
Ligier,Martin BRUNDLE,1993,25,Goodyear,Renault
Ligier,Mark BLUNDELL,1993,26,Goodyear,Renault
Ferrari,Jean ALESI,1993,27,Goodyear,Ferrari
Ferrari,Gerhard BERGER,1993,28,Goodyear,Ferrari
Sauber,Karl WENDLINGER,1993,29,Goodyear,Sauber
Sauber,JJ LEHTO,1993,30,Goodyear,Sauber
Jordan,Thierry BOUTSEN,1993,15,Goodyear,Hart
Minardi,Pierluigi MARTINI,1993,24,Goodyear,Ford Cosworth
Lotus,Pedro LAMY,1993,11,Goodyear,Ford Cosworth
Jordan,Marco APICELLA,1993,15,Goodyear,Hart
McLaren,Mika HAKKINEN,1993,7,Goodyear,Ford Cosworth
Jordan,Emanuele NASPETTI,1993,15,Goodyear,Hart
Jordan,Eddie IRVINE,1993,15,Goodyear,Hart
Larrousse,Toshio SUZUKI,1993,19,Goodyear,Lamborghini
Minardi,Jean-Marc GOUNON,1993,23,Goodyear,Ford Cosworth
Williams,Damon HILL,1994,0,Goodyear,Renault
Williams,Ayrton SENNA,1994,2,Goodyear,Renault
Tyrrell,Ukyo KATAYAMA,1994,3,Goodyear,Yamaha
Tyrrell,Mark BLUNDELL,1994,4,Goodyear,Yamaha
Benetton,Michael SCHUMACHER,1994,5,Goodyear,Ford Cosworth
Benetton,Jos VERSTAPPEN,1994,6,Goodyear,Ford Cosworth
McLaren,Mika HAKKINEN,1994,7,Goodyear,Peugeot
McLaren,Martin BRUNDLE,1994,8,Goodyear,Peugeot
Footwork,Christian FITTIPALDI,1994,9,Goodyear,Ford Cosworth
Footwork,Gianni MORBIDELLI,1994,10,Goodyear,Ford Cosworth
Lotus,Pedro LAMY,1994,11,Goodyear,Mugen Honda
Lotus,Johnny HERBERT,1994,12,Goodyear,Mugen Honda
Jordan,Rubens BARRICHELLO,1994,14,Goodyear,Hart
Jordan,Eddie IRVINE,1994,15,Goodyear,Hart
Larrousse,Olivier BERETTA,1994,19,Goodyear,Ford Cosworth
Larrousse,Erik COMAS,1994,20,Goodyear,Ford Cosworth
Minardi,Pierluigi MARTINI,1994,23,Goodyear,Ford Cosworth
Minardi,Michele ALBORETO,1994,24,Goodyear,Ford Cosworth
Ligier,Eric BERNARD,1994,25,Goodyear,Renault
Ligier,Olivier PANIS,1994,26,Goodyear,Renault
Ferrari,Jean ALESI,1994,27,Goodyear,Ferrari
Ferrari,Gerhard BERGER,1994,28,Goodyear,Ferrari
Sauber,Karl WENDLINGER,1994,29,Goodyear,Mercedes
Sauber,Heinz-Harald FRENTZEN,1994,30,Goodyear,Mercedes
Simtek,David BRABHAM,1994,31,Goodyear,Ford Cosworth
Simtek,Roland RATZENBERGER,1994,32,Goodyear,Ford Cosworth
Pacific,Paul BELMONDO,1994,33,Goodyear,Ilmor
Pacific,Bertrand GACHOT,1994,34,Goodyear,Ilmor
Jordan,Aguri SUZUKI,1994,15,Goodyear,Hart
Ferrari,Nicola LARINI,1994,27,Goodyear,Ferrari
Benetton,JJ LEHTO,1994,6,Goodyear,Ford Cosworth
Jordan,Andrea De CESARIS,1994,15,Goodyear,Hart
Williams,David COULTHARD,1994,2,Goodyear,Renault
Lotus,Alessandro ZANARDI,1994,11,Goodyear,Mugen Honda
Simtek,Andrea MONTERMINI,1994,32,Goodyear,Ford Cosworth
Sauber,Andrea De CESARIS,1994,29,Goodyear,Mercedes
Williams,Nigel MANSELL,1994,2,Goodyear,Renault
Simtek,Jean-Marc GOUNON,1994,32,Goodyear,Ford Cosworth
McLaren,Philippe ALLIOT,1994,7,Goodyear,Peugeot
Lotus,Philippe ADAMS,1994,11,Goodyear,Mugen Honda
Larrousse,Philippe ALLIOT,1994,19,Goodyear,Ford Cosworth
Benetton,JJ LEHTO,1994,5,Goodyear,Ford Cosworth
Larrousse,Yannick DALMAS,1994,19,Goodyear,Ford Cosworth
Lotus,Eric BERNARD,1994,11,Goodyear,Mugen Honda
Lotus,Alessandro ZANARDI,1994,12,Goodyear,Mugen Honda
Larrousse,Hideki NODA,1994,19,Goodyear,Ford Cosworth
Ligier,Johnny HERBERT,1994,25,Goodyear,Renault
Simtek,Domenico SCHIATTARELLA,1994,32,Goodyear,Ford Cosworth
Benetton,Johnny HERBERT,1994,6,Goodyear,Ford Cosworth
Lotus,Mika SALO,1994,11,Goodyear,Mugen Honda
Ligier,Franck LAGORCE,1994,25,Goodyear,Renault
Sauber,JJ LEHTO,1994,29,Goodyear,Mercedes
Simtek,Taki INOUE,1994,32,Goodyear,Ford Cosworth
Larrousse,Jean-Denis DELETRAZ,1994,20,Goodyear,Ford Cosworth
Benetton,Michael SCHUMACHER,1995,1,Goodyear,Renault
Benetton,Johnny HERBERT,1995,2,Goodyear,Renault
Tyrrell,Ukyo KATAYAMA,1995,3,Goodyear,Yamaha
Tyrrell,Mika SALO,1995,4,Goodyear,Yamaha
Williams,Damon HILL,1995,5,Goodyear,Renault
Williams,David COULTHARD,1995,6,Goodyear,Renault
McLaren,Mark BLUNDELL,1995,7,Goodyear,Mercedes
McLaren,Mika HAKKINEN,1995,8,Goodyear,Mercedes
Footwork,Gianni MORBIDELLI,1995,9,Goodyear,Hart
Footwork,Taki INOUE,1995,10,Goodyear,Hart
Simtek,Domenico SCHIATTARELLA,1995,11,Goodyear,Ford Cosworth
Simtek,Jos VERSTAPPEN,1995,12,Goodyear,Ford Cosworth
Jordan,Rubens BARRICHELLO,1995,14,Goodyear,Peugeot
Jordan,Eddie IRVINE,1995,15,Goodyear,Peugeot
Pacific,Bertrand GACHOT,1995,16,Goodyear,Ford Cosworth
Pacific,Andrea MONTERMINI,1995,17,Goodyear,Ford Cosworth
Forti,Pedro DINIZ,1995,21,Goodyear,Ford Cosworth
Forti,Roberto MORENO,1995,22,Goodyear,Ford Cosworth
Minardi,Pierluigi MARTINI,1995,23,Goodyear,Ford Cosworth
Minardi,Luca BADOER,1995,24,Goodyear,Ford Cosworth
Ligier,Aguri SUZUKI,1995,25,Goodyear,Mugen Honda
Ligier,Olivier PANIS,1995,26,Goodyear,Mugen Honda
Ferrari,Jean ALESI,1995,27,Goodyear,Ferrari
Ferrari,Gerhard BERGER,1995,28,Goodyear,Ferrari
Sauber,Karl WENDLINGER,1995,29,Goodyear,Ford Cosworth
Sauber,Heinz-Harald FRENTZEN,1995,30,Goodyear,Ford Cosworth
McLaren,Nigel MANSELL,1995,7,Goodyear,Mercedes
Pacific,Paul BELMONDO *,1995,17,Goodyear,Ford Cosworth
Larrousse,Christophe BOUCHUT,1995,19,Goodyear,Ford Cosworth
Larrousse,Eric BERNARD,1995,20,Goodyear,Ford Cosworth
Ligier,Martin BRUNDLE,1995,25,Goodyear,Mugen Honda
Sauber,Jean-Christophe BOULLION,1995,29,Goodyear,Ford Cosworth
Simtek,Hideki NODA,1995,11,Goodyear,Ford Cosworth
Footwork,Max PAPIS,1995,9,Goodyear,Hart
Pacific,Giovanni LAVAGGI,1995,16,Goodyear,Ford Cosworth
Minardi,Pedro LAMY,1995,23,Goodyear,Ford Cosworth
Pacific,Jean-Denis DELETRAZ,1995,16,Goodyear,Ford Cosworth
Tyrrell,Gabriele TARQUINI,1995,3,Goodyear,Yamaha
McLaren,Jan MAGNUSSEN,1995,8,Goodyear,Mercedes
Pacific,Katsumi YAMAMOTO,1995,16,Goodyear,Ford Cosworth
Forti,Hideki NODA,1995,22,Goodyear,Ford Cosworth
Pacific,Oliver GAVIN,1995,17,Goodyear,Ford Cosworth
Ferrari,Michael SCHUMACHER,1996,1,Goodyear,Ferrari
Ferrari,Eddie IRVINE,1996,2,Goodyear,Ferrari
Benetton,Jean ALESI,1996,3,Goodyear,Renault
Benetton,Gerhard BERGER,1996,4,Goodyear,Renault
Williams,Damon HILL,1996,5,Goodyear,Renault
Williams,Jacques VILLENEUVE,1996,6,Goodyear,Renault
McLaren,Mika HAKKINEN,1996,7,Goodyear,Mercedes
McLaren,David COULTHARD,1996,8,Goodyear,Mercedes
Ligier,Olivier PANIS,1996,9,Goodyear,Mugen Honda
Ligier,Pedro DINIZ,1996,10,Goodyear,Mugen Honda
Jordan,Rubens BARRICHELLO,1996,11,Goodyear,Peugeot
Jordan,Martin BRUNDLE,1996,12,Goodyear,Peugeot
Sauber,Johnny HERBERT,1996,14,Goodyear,Ford Cosworth
Sauber,Heinz-Harald FRENTZEN,1996,15,Goodyear,Ford Cosworth
Footwork,Ricardo ROSSET,1996,16,Goodyear,Hart
Footwork,Jos VERSTAPPEN,1996,17,Goodyear,Hart
Tyrrell,Ukyo KATAYAMA,1996,18,Goodyear,Yamaha
Tyrrell,Mika SALO,1996,19,Goodyear,Yamaha
Minardi,Pedro LAMY,1996,20,Goodyear,Ford Cosworth
Minardi,Giancarlo FISICHELLA,1996,21,Goodyear,Ford Cosworth
Forti,Luca BADOER,1996,22,Goodyear,Ford Cosworth
Forti,Andrea MONTERMINI,1996,23,Goodyear,Ford Cosworth
Minardi,Tarso MARQUES,1996,21,Goodyear,Ford Cosworth
Minardi,Giovanni LAVAGGI,1996,21,Goodyear,Ford Cosworth
Arrows,Damon HILL,1997,1,Bridgestone,Yamaha
Arrows,Pedro DINIZ,1997,2,Bridgestone,Yamaha
Williams,Jacques VILLENEUVE,1997,3,Goodyear,Renault
Williams,Heinz-Harald FRENTZEN,1997,4,Goodyear,Renault
Ferrari,Michael SCHUMACHER,1997,5,Goodyear,Ferrari
Ferrari,Eddie IRVINE,1997,6,Goodyear,Ferrari
Benetton,Jean ALESI,1997,7,Goodyear,Renault
Benetton,Gerhard BERGER,1997,8,Goodyear,Renault
McLaren,Mika HAKKINEN,1997,9,Goodyear,Mercedes
McLaren,David COULTHARD,1997,10,Goodyear,Mercedes
Jordan,Ralf SCHUMACHER,1997,11,Goodyear,Peugeot
Jordan,Giancarlo FISICHELLA,1997,12,Goodyear,Peugeot
Prost,Olivier PANIS,1997,14,Bridgestone,Mugen Honda
Prost,Shinji NAKANO,1997,15,Bridgestone,Mugen Honda
Sauber,Johnny HERBERT,1997,16,Goodyear,Petronas
Sauber,Nicola LARINI,1997,17,Goodyear,Petronas
Tyrrell,Jos VERSTAPPEN,1997,18,Goodyear,Ford Cosworth
Tyrrell,Mika SALO,1997,19,Goodyear,Ford Cosworth
Minardi,Ukyo KATAYAMA,1997,20,Bridgestone,Hart
Minardi,Jarno TRULLI,1997,21,Bridgestone,Hart
Stewart,Rubens BARRICHELLO,1997,22,Bridgestone,Ford Cosworth
Stewart,Jan MAGNUSSEN,1997,23,Bridgestone,Ford Cosworth
Lola,Vincenzo SOSPIRI,1997,24,Bridgestone,Ford Cosworth
Lola,Ricardo ROSSET,1997,25,Bridgestone,Ford Cosworth
Sauber,Gianni MORBIDELLI,1997,17,Goodyear,Petronas
Benetton,Alexander WURZ,1997,8,Goodyear,Renault
Prost,Jarno TRULLI,1997,14,Bridgestone,Mugen Honda
Sauber,Norberto FONTANA,1997,17,Goodyear,Petronas
Minardi,Tarso MARQUES,1997,21,Bridgestone,Hart
Williams,Jacques VILLENEUVE,1998,1,Goodyear,Mecachrome
Williams,Heinz-Harald FRENTZEN,1998,2,Goodyear,Mecachrome
Ferrari,Michael SCHUMACHER,1998,3,Goodyear,Ferrari
Ferrari,Eddie IRVINE,1998,4,Goodyear,Ferrari
Benetton,Giancarlo FISICHELLA,1998,5,Bridgestone,Playlife
Benetton,Alexander WURZ,1998,6,Bridgestone,Playlife
McLaren,David COULTHARD,1998,7,Bridgestone,Mercedes
McLaren,Mika HAKKINEN,1998,8,Bridgestone,Mercedes
Jordan,Damon HILL,1998,9,Goodyear,Mugen Honda
Jordan,Ralf SCHUMACHER,1998,10,Goodyear,Mugen Honda
Prost,Olivier PANIS,1998,11,Bridgestone,Peugeot
Prost,Jarno TRULLI,1998,12,Bridgestone,Peugeot
Sauber,Jean ALESI,1998,14,Goodyear,Petronas
Sauber,Johnny HERBERT,1998,15,Goodyear,Petronas
Arrows,Pedro DINIZ,1998,16,Bridgestone,Arrows
Arrows,Mika SALO,1998,17,Bridgestone,Arrows
Stewart,Rubens BARRICHELLO,1998,18,Bridgestone,Ford Cosworth
Stewart,Jan MAGNUSSEN,1998,19,Bridgestone,Ford Cosworth
Tyrrell,Ricardo ROSSET,1998,20,Goodyear,Ford Cosworth
Tyrrell,Tora TAKAGI,1998,21,Goodyear,Ford Cosworth
Minardi,Shinji NAKANO,1998,22,Bridgestone,Ford Cosworth
Minardi,Esteban TUERO,1998,23,Bridgestone,Ford Cosworth
Stewart,Jos VERSTAPPEN,1998,19,Bridgestone,Ford Cosworth
McLaren,Mika HAKKINEN,1999,1,Bridgestone,Mercedes
McLaren,David COULTHARD,1999,2,Bridgestone,Mercedes
Ferrari,Michael SCHUMACHER,1999,3,Bridgestone,Ferrari
Ferrari,Eddie IRVINE,1999,4,Bridgestone,Ferrari
Williams,Alessandro ZANARDI,1999,5,Bridgestone,Supertec
Williams,Ralf SCHUMACHER,1999,6,Bridgestone,Supertec
Jordan,Damon HILL,1999,7,Bridgestone,Mugen Honda
Jordan,Heinz-Harald FRENTZEN,1999,8,Bridgestone,Mugen Honda
Benetton,Giancarlo FISICHELLA,1999,9,Bridgestone,Playlife
Benetton,Alexander WURZ,1999,10,Bridgestone,Playlife
Sauber,Jean ALESI,1999,11,Bridgestone,Petronas
Sauber,Pedro DINIZ,1999,12,Bridgestone,Petronas
Arrows,Pedro de la ROSA,1999,14,Bridgestone,Arrows
Arrows,Tora TAKAGI,1999,15,Bridgestone,Arrows
Stewart,Rubens BARRICHELLO,1999,16,Bridgestone,Ford Cosworth
Stewart,Johnny HERBERT,1999,17,Bridgestone,Ford Cosworth
Prost,Olivier PANIS,1999,18,Bridgestone,Peugeot
Prost,Jarno TRULLI,1999,19,Bridgestone,Peugeot
Minardi,Luca BADOER,1999,20,Bridgestone,Ford Cosworth
Minardi,Marc GENE,1999,21,Bridgestone,Ford Cosworth
British American Racing,Jacques VILLENEUVE,1999,22,Bridgestone,Supertec
British American Racing,Ricardo ZONTA,1999,23,Bridgestone,Supertec
Minardi,Stéphane SARRAZIN,1999,20,Bridgestone,Ford Cosworth
British American Racing,Mika SALO,1999,23,Bridgestone,Supertec
Ferrari,Mika SALO,1999,3,Bridgestone,Ferrari
McLaren,Mika HAKKINEN,2000,1,Bridgestone,Mercedes
McLaren,David COULTHARD,2000,2,Bridgestone,Mercedes
Ferrari,Michael SCHUMACHER,2000,3,Bridgestone,Ferrari
Ferrari,Rubens BARRICHELLO,2000,4,Bridgestone,Ferrari
Jordan,Heinz-Harald FRENTZEN,2000,5,Bridgestone,Mugen Honda
Jordan,Jarno TRULLI,2000,6,Bridgestone,Mugen Honda
Jaguar,Eddie IRVINE,2000,7,Bridgestone,Cosworth
Jaguar,Johnny HERBERT,2000,8,Bridgestone,Cosworth
Williams,Ralf SCHUMACHER,2000,9,Bridgestone,BMW
Williams,Jenson BUTTON,2000,10,Bridgestone,BMW
Benetton,Giancarlo FISICHELLA,2000,11,Bridgestone,Playlife
Benetton,Alexander WURZ,2000,12,Bridgestone,Playlife
Prost,Jean ALESI,2000,14,Bridgestone,Peugeot
Prost,Nick HEIDFELD,2000,15,Bridgestone,Peugeot
Sauber,Pedro DINIZ,2000,16,Bridgestone,Petronas
Sauber,Mika SALO,2000,17,Bridgestone,Petronas
Arrows,Pedro de la ROSA,2000,18,Bridgestone,Supertec
Arrows,Jos VERSTAPPEN,2000,19,Bridgestone,Supertec
Minardi,Marc GENE,2000,20,Bridgestone,Fondmetal
Minardi,Gaston MAZZACANE,2000,21,Bridgestone,Fondmetal
BAR,Jacques VILLENEUVE,2000,22,Bridgestone,Honda
BAR,Ricardo ZONTA,2000,23,Bridgestone,Honda
Jaguar,Luciano BURTI,2000,7,Bridgestone,Cosworth
Ferrari,Michael SCHUMACHER,2001,1,Bridgestone,Ferrari
Ferrari,Rubens BARRICHELLO,2001,2,Bridgestone,Ferrari
McLaren,Mika HAKKINEN,2001,3,Bridgestone,Mercedes
McLaren,David COULTHARD,2001,4,Bridgestone,Mercedes
Williams,Ralf SCHUMACHER,2001,5,Michelin,BMW
Williams,Juan-Pablo MONTOYA,2001,6,Michelin,BMW
Benetton,Giancarlo FISICHELLA,2001,7,Michelin,Renault
Benetton,Jenson BUTTON,2001,8,Michelin,Renault
BAR,Olivier PANIS,2001,9,Bridgestone,Honda
BAR,Jacques VILLENEUVE,2001,10,Bridgestone,Honda
Jordan,Heinz-Harald FRENTZEN,2001,11,Bridgestone,Honda
Jordan,Jarno TRULLI,2001,12,Bridgestone,Honda
Arrows,Jos VERSTAPPEN,2001,14,Bridgestone,Asiatech
Arrows,Enrique BERNOLDI,2001,15,Bridgestone,Asiatech
Sauber,Nick HEIDFELD,2001,16,Bridgestone,Petronas
Sauber,Kimi RAIKKONEN,2001,17,Bridgestone,Petronas
Jaguar,Eddie IRVINE,2001,18,Michelin,Cosworth
Jaguar,Luciano BURTI,2001,19,Michelin,Cosworth
Minardi,Tarso MARQUES,2001,20,Michelin,European
Minardi,Fernando ALONSO,2001,21,Michelin,European
Prost,Jean ALESI,2001,22,Michelin,Acer
Prost,Gaston MAZZACANE,2001,23,Michelin,Acer
Jaguar,Pedro de la ROSA,2001,19,Michelin,Cosworth
Prost,Luciano BURTI,2001,23,Michelin,Acer
Jordan,Ricardo ZONTA,2001,11,Bridgestone,Honda
Jordan,Jarno TRULLI,2001,11,Bridgestone,Honda
Jordan,Jean ALESI,2001,12,Bridgestone,Honda
Prost,Heinz-Harald FRENTZEN,2001,22,Michelin,Acer
Minardi,Alex YOONG,2001,20,Michelin,European
Prost,Tomas ENGE,2001,23,Michelin,Acer
Ferrari,Michael SCHUMACHER,2002,1,Bridgestone,Ferrari
Ferrari,Rubens BARRICHELLO,2002,2,Bridgestone,Ferrari
McLaren,David COULTHARD,2002,3,Michelin,Mercedes
McLaren,Kimi RAIKKONEN,2002,4,Michelin,Mercedes
Williams,Ralf SCHUMACHER,2002,5,Michelin,BMW
Williams,Juan-Pablo MONTOYA,2002,6,Michelin,BMW
Sauber,Nick HEIDFELD,2002,7,Bridgestone,Petronas
Sauber,Felipe MASSA,2002,8,Bridgestone,Petronas
Jordan,Giancarlo FISICHELLA,2002,9,Bridgestone,Honda
Jordan,Takuma SATO,2002,10,Bridgestone,Honda
BAR,Jacques VILLENEUVE,2002,11,Bridgestone,Honda
BAR,Olivier PANIS,2002,12,Bridgestone,Honda
Renault,Jarno TRULLI,2002,14,Michelin,Renault
Renault,Jenson BUTTON,2002,15,Michelin,Renault
Jaguar,Eddie IRVINE,2002,16,Michelin,Cosworth
Jaguar,Pedro de la ROSA,2002,17,Michelin,Cosworth
Arrows,Heinz-Harald FRENTZEN,2002,20,Bridgestone,Cosworth
Arrows,Enrique BERNOLDI,2002,21,Bridgestone,Cosworth
Minardi,Alex YOONG,2002,22,Michelin,Asiatech
Minardi,Mark WEBBER,2002,23,Michelin,Asiatech
Toyota,Mika SALO,2002,24,Michelin,Toyota
Toyota,Allan McNISH,2002,25,Michelin,Toyota
Minardi,Anthony DAVIDSON,2002,22,Michelin,Asiatech
Sauber,Heinz-Harald FRENTZEN,2002,8,Bridgestone,Petronas
Ferrari,Michael SCHUMACHER,2003,1,Bridgestone,Ferrari
Ferrari,Rubens BARRICHELLO,2003,2,Bridgestone,Ferrari
Williams,Juan-Pablo MONTOYA,2003,3,Michelin,BMW
Williams,Ralf SCHUMACHER,2003,4,Michelin,BMW
McLaren,David COULTHARD,2003,5,Michelin,Mercedes
McLaren,Kimi RAIKKONEN,2003,6,Michelin,Mercedes
Renault,Jarno TRULLI,2003,7,Michelin,Renault
Renault,Fernando ALONSO,2003,8,Michelin,Renault
Sauber,Nick HEIDFELD,2003,9,Bridgestone,Petronas
Sauber,Heinz-Harald FRENTZEN,2003,10,Bridgestone,Petronas
Jordan,Giancarlo FISICHELLA,2003,11,Bridgestone,Ford Cosworth
Jordan,Ralph FIRMAN,2003,12,Bridgestone,Ford Cosworth
Jaguar,Mark WEBBER,2003,14,Michelin,Cosworth
Jaguar,Antonio PIZZONIA,2003,15,Michelin,Cosworth
BAR,Jacques VILLENEUVE,2003,16,Bridgestone,Honda
BAR,Jenson BUTTON,2003,17,Bridgestone,Honda
Minardi,Justin WILSON,2003,18,Bridgestone,Cosworth
Minardi,Jos VERSTAPPEN,2003,19,Bridgestone,Cosworth
Toyota,Olivier PANIS,2003,20,Michelin,Toyota
Toyota,Cristiano da MATTA,2003,21,Michelin,Toyota
Arrows,Enrique BERNOLDI,2003,23,Bridgestone,Asiatech
Renault,Allan McNISH *,2003,34,Michelin,Renault
Minardi,Matteo BOBBI *,2003,39,Bridgestone,Cosworth
Renault,Franck MONTAGNY *,2003,44,Michelin,Renault
Jaguar,Justin WILSON,2003,15,Michelin,Cosworth
Minardi,Nicolas KIESA,2003,18,Bridgestone,Cosworth
Jordan,Zsolt BAUMGARTNER *,2003,36,Bridgestone,Ford Cosworth
Minardi,Gimmi BRUNI *,2003,39,Bridgestone,Cosworth
Jordan,Zsolt BAUMGARTNER,2003,12,Bridgestone,Ford Cosworth
Williams,Marc GENE,2003,4,Michelin,BMW
Jordan,Björn WIRDHEIM *,2003,36,Bridgestone,Ford Cosworth
BAR,Takuma SATO,2003,16,Bridgestone,Honda
Jordan,Satoshi MOTOYAMA *,2003,36,Bridgestone,Ford Cosworth
Ferrari,Michael SCHUMACHER,2004,1,Bridgestone,Ferrari
Ferrari,Rubens BARRICHELLO,2004,2,Bridgestone,Ferrari
Williams,Juan-Pablo MONTOYA,2004,3,Michelin,BMW
Williams,Ralf SCHUMACHER,2004,4,Michelin,BMW
McLaren,David COULTHARD,2004,5,Michelin,Mercedes
McLaren,Kimi RAIKKONEN,2004,6,Michelin,Mercedes
Renault,Jarno TRULLI,2004,7,Michelin,Renault
Renault,Fernando ALONSO,2004,8,Michelin,Renault
BAR,Jenson BUTTON,2004,9,Michelin,Honda
BAR,Takuma SATO,2004,10,Michelin,Honda
Sauber,Giancarlo FISICHELLA,2004,11,Bridgestone,Petronas
Sauber,Felipe MASSA,2004,12,Bridgestone,Petronas
Jaguar,Mark WEBBER,2004,14,Michelin,Cosworth
Jaguar,Christian KLIEN,2004,15,Michelin,Cosworth
Toyota,Cristiano da MATTA,2004,16,Michelin,Toyota
Toyota,Olivier PANIS,2004,17,Michelin,Toyota
Jordan,Nick HEIDFELD,2004,18,Bridgestone,Ford Cosworth
Jordan,Giorgio PANTANO,2004,19,Bridgestone,Ford Cosworth
Minardi,Gimmi BRUNI,2004,20,Bridgestone,Cosworth
Minardi,Zsolt BAUMGARTNER,2004,21,Bridgestone,Cosworth
BAR,Anthony DAVIDSON *,2004,35,Michelin,Honda
Jaguar,Björn WIRDHEIM *,2004,37,Michelin,Cosworth
Toyota,Ricardo ZONTA *,2004,38,Michelin,Toyota
Jordan,Timo GLOCK *,2004,39,Bridgestone,Ford Cosworth
Minardi,Bas LEINDERS *,2004,40,Bridgestone,Cosworth
Jordan,Timo GLOCK,2004,19,Bridgestone,Ford Cosworth
Williams,Marc GENE,2004,4,Michelin,BMW
Williams,Antonio PIZZONIA,2004,4,Michelin,BMW
Toyota,Ricardo ZONTA,2004,16,Michelin,Toyota
Toyota,Ryan BRISCOE *,2004,38,Michelin,Toyota
Renault,Jacques VILLENEUVE,2004,7,Michelin,Renault
Jordan,Robert DOORNBOS *,2004,39,Bridgestone,Ford Cosworth
Toyota,Jarno TRULLI,2004,16,Michelin,Toyota
Toyota,Ricardo ZONTA,2004,17,Michelin,Toyota
Ferrari,Michael SCHUMACHER,2005,1,Bridgestone,Ferrari
Ferrari,Rubens BARRICHELLO,2005,2,Bridgestone,Ferrari
BAR,Jenson BUTTON,2005,3,Michelin,Honda
BAR,Takuma SATO,2005,4,Michelin,Honda
Renault,Fernando ALONSO,2005,5,Michelin,Renault
Renault,Giancarlo FISICHELLA,2005,6,Michelin,Renault
Williams,Mark WEBBER,2005,7,Michelin,BMW
Williams,Nick HEIDFELD,2005,8,Michelin,BMW
McLaren,Kimi RAIKKONEN,2005,9,Michelin,Mercedes
McLaren,Juan-Pablo MONTOYA,2005,10,Michelin,Mercedes
Sauber,Jacques VILLENEUVE,2005,11,Michelin,Petronas
Sauber,Felipe MASSA,2005,12,Michelin,Petronas
Red Bull,David COULTHARD,2005,14,Michelin,Cosworth
Red Bull,Christian KLIEN,2005,15,Michelin,Cosworth
Toyota,Jarno TRULLI,2005,16,Michelin,Toyota
Toyota,Ralf SCHUMACHER,2005,17,Michelin,Toyota
Jordan,Tiago MONTEIRO,2005,18,Bridgestone,Toyota
Jordan,Narain KARTHIKEYAN,2005,19,Bridgestone,Toyota
Minardi,Patrick FRIESACHER,2005,20,Bridgestone,Cosworth
Minardi,Christijan ALBERS,2005,21,Bridgestone,Cosworth
McLaren,Pedro de la ROSA *,2005,35,Michelin,Mercedes
Red Bull,Vitantonio LIUZZI *,2005,37,Michelin,Cosworth
Toyota,Ricardo ZONTA *,2005,38,Michelin,Toyota
Jordan,Robert DOORNBOS *,2005,39,Bridgestone,Toyota
BAR,Anthony DAVIDSON,2005,4,Michelin,Honda
McLaren,Pedro de la ROSA,2005,10,Michelin,Mercedes
McLaren,Alexander WURZ *,2005,35,Michelin,Mercedes
McLaren,Alexander WURZ,2005,10,Michelin,Mercedes
Red Bull,Vitantonio LIUZZI,2005,15,Michelin,Cosworth
Red Bull,Christian KLIEN *,2005,37,Michelin,Cosworth
Jordan,Franck MONTAGNY *,2005,39,Bridgestone,Toyota
Red Bull,Scott SPEED *,2005,37,Michelin,Cosworth
Toyota,Ricardo ZONTA,2005,17,Michelin,Toyota
Toyota,Olivier PANIS *,2005,38,Michelin,Toyota
Minardi,Robert DOORNBOS,2005,20,Bridgestone,Cosworth
Jordan,Nicolas KIESA *,2005,39,Bridgestone,Toyota
Minardi,Chanoch NISSANY *,2005,40,Bridgestone,Cosworth
Minardi,Enrico TOCCACELO *,2005,40,Bridgestone,Cosworth
Williams,Antonio PIZZONIA,2005,8,Michelin,BMW
Jordan,Sakon YAMAMOTO *,2005,39,Bridgestone,Toyota
Renault,Fernando ALONSO,2006,1,Michelin,Renault
Renault,Giancarlo FISICHELLA,2006,2,Michelin,Renault
McLaren,Kimi RAIKKONEN,2006,3,Michelin,Mercedes
McLaren,Juan-Pablo MONTOYA,2006,4,Michelin,Mercedes
Ferrari,Michael SCHUMACHER,2006,5,Bridgestone,Ferrari
Ferrari,Felipe MASSA,2006,6,Bridgestone,Ferrari
Toyota,Ralf SCHUMACHER,2006,7,Bridgestone,Toyota
Toyota,Jarno TRULLI,2006,8,Bridgestone,Toyota
Williams,Mark WEBBER,2006,9,Bridgestone,Cosworth
Williams,Nico ROSBERG,2006,10,Bridgestone,Cosworth
Honda,Rubens BARRICHELLO,2006,11,Michelin,Honda
Honda,Jenson BUTTON,2006,12,Michelin,Honda
Red Bull,David COULTHARD,2006,14,Michelin,Ferrari
Red Bull,Christian KLIEN,2006,15,Michelin,Ferrari
BMW Sauber,Nick HEIDFELD,2006,16,Michelin,BMW
BMW Sauber,Jacques VILLENEUVE,2006,17,Michelin,BMW
MF1 Racing,Tiago MONTEIRO,2006,18,Bridgestone,Toyota
MF1 Racing,Christijan ALBERS,2006,19,Bridgestone,Toyota
Toro Rosso,Vitantonio LIUZZI,2006,20,Michelin,Cosworth
Toro Rosso,Scott SPEED,2006,21,Michelin,Cosworth
Super Aguri,Takuma SATO,2006,22,Bridgestone,Honda
Super Aguri,Yuji IDE,2006,23,Bridgestone,Honda
Williams,Alexander WURZ *,2006,35,Bridgestone,Cosworth
Honda,Anthony DAVIDSON *,2006,36,Michelin,Honda
Red Bull,Robert DOORNBOS *,2006,37,Michelin,Ferrari
BMW Sauber,Robert KUBICA *,2006,38,Michelin,BMW
MF1 Racing,Markus WINKELHOCK *,2006,39,Bridgestone,Toyota
Toro Rosso,Neel JANI *,2006,40,Michelin,Cosworth
MF1 Racing,Giorgio MONDINI *,2006,39,Bridgestone,Toyota
Super Aguri,Franck MONTAGNY,2006,23,Bridgestone,Honda
MF1 Racing,Adrian SUTIL *,2006,39,Bridgestone,Toyota
Super Aguri,Sakon YAMAMOTO *,2006,41,Bridgestone,Honda
McLaren,Pedro de la ROSA,2006,4,Michelin,Mercedes
Super Aguri,Sakon YAMAMOTO,2006,23,Bridgestone,Honda
BMW Sauber,Robert KUBICA,2006,17,Michelin,BMW
BMW Sauber,Sebastian VETTEL *,2006,38,Michelin,BMW
Super Aguri,Franck MONTAGNY *,2006,41,Bridgestone,Honda
Red Bull,Robert DOORNBOS,2006,15,Michelin,Ferrari
Spyker MF1 Team,Tiago MONTEIRO,2006,18,Bridgestone,Toyota
Spyker MF1 Team,Christijan ALBERS,2006,19,Bridgestone,Toyota
Red Bull,Michael AMMERMÜLLER *,2006,37,Michelin,Ferrari
Spyker MF1 Team,Alexandre PREMAT *,2006,39,Bridgestone,Toyota
Spyker MF1 Team,Adrian SUTIL *,2006,39,Bridgestone,Toyota
Spyker MF1 Team,Ernesto VISO *,2006,39,Bridgestone,Toyota
McLaren,Fernando ALONSO,2007,1,Bridgestone,Mercedes
McLaren,Lewis HAMILTON,2007,2,Bridgestone,Mercedes
Renault,Giancarlo FISICHELLA,2007,3,Bridgestone,Renault
Renault,Heikki KOVALAINEN,2007,4,Bridgestone,Renault
Ferrari,Felipe MASSA,2007,5,Bridgestone,Ferrari
Ferrari,Kimi RAIKKONEN,2007,6,Bridgestone,Ferrari
Honda,Jenson BUTTON,2007,7,Bridgestone,Honda
Honda,Rubens BARRICHELLO,2007,8,Bridgestone,Honda
BMW Sauber,Nick HEIDFELD,2007,9,Bridgestone,BMW
BMW Sauber,Robert KUBICA,2007,10,Bridgestone,BMW
Toyota,Ralf SCHUMACHER,2007,11,Bridgestone,Toyota
Toyota,Jarno TRULLI,2007,12,Bridgestone,Toyota
Red Bull,David COULTHARD,2007,14,Bridgestone,Renault
Red Bull,Mark WEBBER,2007,15,Bridgestone,Renault
Williams,Nico ROSBERG,2007,16,Bridgestone,Toyota
Williams,Alexander WURZ,2007,17,Bridgestone,Toyota
Toro Rosso,Vitantonio LIUZZI,2007,18,Bridgestone,Ferrari
Toro Rosso,Scott SPEED,2007,19,Bridgestone,Ferrari
Spyker,Adrian SUTIL,2007,20,Bridgestone,Ferrari
Spyker,Christijan ALBERS,2007,21,Bridgestone,Ferrari
Super Aguri,Takuma SATO,2007,22,Bridgestone,Honda
Super Aguri,Anthony DAVIDSON,2007,23,Bridgestone,Honda
BMW Sauber,Sebastian VETTEL *,2007,35,Bridgestone,BMW
Williams,Kazuki NAKAJIMA *,2007,38,Bridgestone,Toyota
BMW Sauber,Sebastian VETTEL,2007,10,Bridgestone,BMW
Honda,Christian KLIEN *,2007,34,Bridgestone,Honda
Spyker,Markus WINKELHOCK,2007,21,Bridgestone,Ferrari
Toro Rosso,Sebastian VETTEL,2007,19,Bridgestone,Ferrari
Spyker,Sakon YAMAMOTO,2007,21,Bridgestone,Ferrari
Williams,Kazuki NAKAJIMA,2007,17,Bridgestone,Toyota
Ferrari,Kimi RAIKKONEN,2008,1,Bridgestone,Ferrari
Ferrari,Felipe MASSA,2008,2,Bridgestone,Ferrari
BMW Sauber,Nick HEIDFELD,2008,3,Bridgestone,BMW
BMW Sauber,Robert KUBICA,2008,4,Bridgestone,BMW
Renault,Fernando ALONSO,2008,5,Bridgestone,Renault
Renault,Nelsinho PIQUET,2008,6,Bridgestone,Renault
Williams,Nico ROSBERG,2008,7,Bridgestone,Toyota
Williams,Kazuki NAKAJIMA,2008,8,Bridgestone,Toyota
Red Bull,David COULTHARD,2008,9,Bridgestone,Renault
Red Bull,Mark WEBBER,2008,10,Bridgestone,Renault
Toyota,Jarno TRULLI,2008,11,Bridgestone,Toyota
Toyota,Timo GLOCK,2008,12,Bridgestone,Toyota
Toro Rosso,Sébastien BOURDAIS,2008,14,Bridgestone,Ferrari
Toro Rosso,Sebastian VETTEL,2008,15,Bridgestone,Ferrari
Honda,Jenson BUTTON,2008,16,Bridgestone,Honda
Honda,Rubens BARRICHELLO,2008,17,Bridgestone,Honda
Super Aguri,Takuma SATO,2008,18,Bridgestone,Honda
Super Aguri,Anthony DAVIDSON,2008,19,Bridgestone,Honda
Force India,Adrian SUTIL,2008,20,Bridgestone,Ferrari
Force India,Giancarlo FISICHELLA,2008,21,Bridgestone,Ferrari
McLaren,Lewis HAMILTON,2008,22,Bridgestone,Mercedes
McLaren,Heikki KOVALAINEN,2008,23,Bridgestone,Mercedes
McLaren,Lewis HAMILTON,2009,1,Bridgestone,Mercedes
McLaren,Heikki KOVALAINEN,2009,2,Bridgestone,Mercedes
Ferrari,Felipe MASSA,2009,3,Bridgestone,Ferrari
Ferrari,Kimi RAIKKONEN,2009,4,Bridgestone,Ferrari
BMW Sauber,Robert KUBICA,2009,5,Bridgestone,BMW
BMW Sauber,Nick HEIDFELD,2009,6,Bridgestone,BMW
Renault,Fernando ALONSO,2009,7,Bridgestone,Renault
Renault,Nelsinho PIQUET,2009,8,Bridgestone,Renault
Toyota,Jarno TRULLI,2009,9,Bridgestone,Toyota
Toyota,Timo GLOCK,2009,10,Bridgestone,Toyota
Toro Rosso,Sébastien BOURDAIS,2009,11,Bridgestone,Ferrari
Toro Rosso,Sébastien BUEMI,2009,12,Bridgestone,Ferrari
Red Bull,Mark WEBBER,2009,14,Bridgestone,Renault
Red Bull,Sebastian VETTEL,2009,15,Bridgestone,Renault
Williams,Nico ROSBERG,2009,16,Bridgestone,Toyota
Williams,Kazuki NAKAJIMA,2009,17,Bridgestone,Toyota
Force India,Adrian SUTIL,2009,20,Bridgestone,Mercedes
Force India,Giancarlo FISICHELLA,2009,21,Bridgestone,Mercedes
Brawn GP,Jenson BUTTON,2009,22,Bridgestone,Mercedes
Brawn GP,Rubens BARRICHELLO,2009,23,Bridgestone,Mercedes
Toro Rosso,Jaime ALGUERSUARI,2009,11,Bridgestone,Ferrari
Ferrari,Luca BADOER,2009,3,Bridgestone,Ferrari
Renault,Romain GROSJEAN,2009,8,Bridgestone,Renault
Ferrari,Giancarlo FISICHELLA,2009,3,Bridgestone,Ferrari
Force India,Vitantonio LIUZZI,2009,21,Bridgestone,Mercedes
Toyota,Kamui KOBAYASHI *,2009,10,Bridgestone,Toyota
Toyota,Kamui KOBAYASHI,2009,10,Bridgestone,Toyota
McLaren,Jenson BUTTON,2010,1,Bridgestone,Mercedes
McLaren,Lewis HAMILTON,2010,2,Bridgestone,Mercedes
Mercedes,Michael SCHUMACHER,2010,3,Bridgestone,Mercedes
Mercedes,Nico ROSBERG,2010,4,Bridgestone,Mercedes
Red Bull,Sebastian VETTEL,2010,5,Bridgestone,Renault
Red Bull,Mark WEBBER,2010,6,Bridgestone,Renault
Ferrari,Felipe MASSA,2010,7,Bridgestone,Ferrari
Ferrari,Fernando ALONSO,2010,8,Bridgestone,Ferrari
Williams,Rubens BARRICHELLO,2010,9,Bridgestone,Cosworth
Williams,Nico HULKENBERG,2010,10,Bridgestone,Cosworth
Renault,Robert KUBICA,2010,11,Bridgestone,Renault
Renault,Vitaly PETROV,2010,12,Bridgestone,Renault
Force India,Adrian SUTIL,2010,14,Bridgestone,Mercedes
Force India,Vitantonio LIUZZI,2010,15,Bridgestone,Mercedes
Toro Rosso,Sébastien BUEMI,2010,16,Bridgestone,Ferrari
Toro Rosso,Jaime ALGUERSUARI,2010,17,Bridgestone,Ferrari
Lotus,Jarno TRULLI,2010,18,Bridgestone,Cosworth
Lotus,Heikki KOVALAINEN,2010,19,Bridgestone,Cosworth
HRT,Karun CHANDHOK,2010,20,Bridgestone,Cosworth
HRT,Bruno SENNA,2010,21,Bridgestone,Cosworth
BMW Sauber,Pedro de la ROSA,2010,22,Bridgestone,Ferrari
BMW Sauber,Kamui KOBAYASHI,2010,23,Bridgestone,Ferrari
Virgin,Timo GLOCK,2010,24,Bridgestone,Cosworth
Virgin,Lucas di GRASSI,2010,25,Bridgestone,Cosworth
Force India,Paul di RESTA *,2010,14,Bridgestone,Mercedes
Force India,Paul di RESTA *,2010,15,Bridgestone,Mercedes
Lotus,Fairuz FAUZY *,2010,19,Bridgestone,Cosworth
HRT,Christian KLIEN *,2010,20,Bridgestone,Cosworth
HRT,Sakon YAMAMOTO *,2010,21,Bridgestone,Cosworth
Lotus,Fairuz FAUZY *,2010,18,Bridgestone,Cosworth
HRT,Sakon YAMAMOTO,2010,21,Bridgestone,Cosworth
HRT,Sakon YAMAMOTO,2010,20,Bridgestone,Cosworth
HRT,Christian KLIEN,2010,20,Bridgestone,Cosworth
BMW Sauber,Nick HEIDFELD,2010,22,Bridgestone,Ferrari
Virgin,Jérôme d'AMBROSIO *,2010,25,Bridgestone,Cosworth
Red Bull,Sebastian VETTEL,2011,1,Pirelli,Renault
Red Bull,Mark WEBBER,2011,2,Pirelli,Renault
McLaren,Lewis HAMILTON,2011,3,Pirelli,Mercedes
McLaren,Jenson BUTTON,2011,4,Pirelli,Mercedes
Ferrari,Fernando ALONSO,2011,5,Pirelli,Ferrari
Ferrari,Felipe MASSA,2011,6,Pirelli,Ferrari
Mercedes,Michael SCHUMACHER,2011,7,Pirelli,Mercedes
Mercedes,Nico ROSBERG,2011,8,Pirelli,Mercedes
Renault,Nick HEIDFELD,2011,9,Pirelli,Renault
Renault,Vitaly PETROV,2011,10,Pirelli,Renault
Williams,Rubens BARRICHELLO,2011,11,Pirelli,Cosworth
Williams,Pastor MALDONADO,2011,12,Pirelli,Cosworth
Force India,Adrian SUTIL,2011,14,Pirelli,Mercedes
Force India,Paul di RESTA,2011,15,Pirelli,Mercedes
Force India,Nico HULKENBERG *,2011,15,Pirelli,Mercedes
Sauber,Kamui KOBAYASHI,2011,16,Pirelli,Ferrari
Sauber,Sergio PEREZ,2011,17,Pirelli,Ferrari
Toro Rosso,Sébastien BUEMI,2011,18,Pirelli,Ferrari
Toro Rosso,Jaime ALGUERSUARI,2011,19,Pirelli,Ferrari
Toro Rosso,Daniel RICCIARDO *,2011,19,Pirelli,Ferrari
Lotus,Heikki KOVALAINEN,2011,20,Pirelli,Renault
Lotus,Karun CHANDHOK *,2011,21,Pirelli,Renault
Lotus,Jarno TRULLI,2011,21,Pirelli,Renault
HRT,Narain KARTHIKEYAN,2011,22,Pirelli,Cosworth
HRT,Vitantonio LIUZZI,2011,23,Pirelli,Cosworth
Virgin,Timo GLOCK,2011,24,Pirelli,Cosworth
Virgin,Jérôme d'AMBROSIO,2011,25,Pirelli,Cosworth
Toro Rosso,Daniel RICCIARDO *,2011,18,Pirelli,Ferrari
Lotus,Davide VALSECCHI *,2011,20,Pirelli,Renault
Lotus,Luiz RAZIA *,2011,21,Pirelli,Renault
Force India,Nico HULKENBERG *,2011,14,Pirelli,Mercedes
Lotus,Karun CHANDHOK *,2011,20,Pirelli,Renault
Sauber,Pedro de la ROSA,2011,17,Pirelli,Ferrari
HRT,Daniel RICCIARDO,2011,22,Pirelli,Cosworth
Lotus,Karun CHANDHOK,2011,21,Pirelli,Renault
HRT,Narain KARTHIKEYAN *,2011,23,Pirelli,Cosworth
Renault,Bruno SENNA *,2011,9,Pirelli,Renault
Renault,Bruno SENNA,2011,9,Pirelli,Renault
Toro Rosso,Jean-Éric VERGNE *,2011,19,Pirelli,Ferrari
HRT,Daniel RICCIARDO,2011,23,Pirelli,Cosworth
Renault,Romain GROSJEAN *,2011,9,Pirelli,Renault
Toro Rosso,Jean-Éric VERGNE *,2011,18,Pirelli,Ferrari
Virgin,Robert WICKENS *,2011,25,Pirelli,Cosworth
Renault,Romain GROSJEAN *,2011,10,Pirelli,Renault
HRT,Jan CHAROUZ *,2011,23,Pirelli,Cosworth
Red Bull,Sebastian VETTEL,2012,1,Pirelli,Renault
Red Bull,Mark WEBBER,2012,2,Pirelli,Renault
McLaren,Jenson BUTTON,2012,3,Pirelli,Mercedes
McLaren,Lewis HAMILTON,2012,4,Pirelli,Mercedes
Ferrari,Fernando ALONSO,2012,5,Pirelli,Ferrari
Ferrari,Felipe MASSA,2012,6,Pirelli,Ferrari
Mercedes,Michael SCHUMACHER,2012,7,Pirelli,Mercedes
Mercedes,Nico ROSBERG,2012,8,Pirelli,Mercedes
Lotus,Kimi RAIKKONEN,2012,9,Pirelli,Renault
Lotus,Romain GROSJEAN,2012,10,Pirelli,Renault
Force India,Paul di RESTA,2012,11,Pirelli,Mercedes
Force India,Nico HULKENBERG,2012,12,Pirelli,Mercedes
Sauber,Kamui KOBAYASHI,2012,14,Pirelli,Ferrari
Sauber,Sergio PEREZ,2012,15,Pirelli,Ferrari
Toro Rosso,Daniel RICCIARDO,2012,16,Pirelli,Ferrari
Toro Rosso,Jean-Éric VERGNE,2012,17,Pirelli,Ferrari
Williams,Pastor MALDONADO,2012,18,Pirelli,Renault
Williams,Bruno SENNA,2012,19,Pirelli,Renault
Caterham,Heikki KOVALAINEN,2012,20,Pirelli,Renault
Caterham,Vitaly PETROV,2012,21,Pirelli,Renault
HRT,Pedro de la ROSA,2012,22,Pirelli,Cosworth
HRT,Narain KARTHIKEYAN,2012,23,Pirelli,Cosworth
Marussia,Timo GLOCK,2012,24,Pirelli,Cosworth
Marussia,Charles PIC,2012,25,Pirelli,Cosworth
Williams,Valtteri BOTTAS *,2012,19,Pirelli,Renault
Force India,Jules BIANCHI *,2012,11,Pirelli,Mercedes
Caterham,Giedo van der GARDE *,2012,21,Pirelli,Renault
Caterham,Alexander ROSSI *,2012,20,Pirelli,Renault
HRT,Dani CLOS *,2012,23,Pirelli,Cosworth
Force India,Jules BIANCHI *,2012,12,Pirelli,Mercedes
Lotus,Jérôme d'AMBROSIO,2012,10,Pirelli,Renault
HRT,Qing Hua MA *,2012,23,Pirelli,Cosworth
Caterham,Giedo van der GARDE *,2012,20,Pirelli,Renault
Sauber,Esteban GUTIERREZ *,2012,15,Pirelli,Ferrari
Marussia,Max CHILTON *,2012,25,Pirelli,Cosworth
Red Bull,Sebastian VETTEL,2013,1,Pirelli,Renault
Red Bull,Mark WEBBER,2013,2,Pirelli,Renault
Ferrari,Fernando ALONSO,2013,3,Pirelli,Ferrari
Ferrari,Felipe MASSA,2013,4,Pirelli,Ferrari
McLaren,Jenson BUTTON,2013,5,Pirelli,Mercedes
McLaren,Sergio PEREZ,2013,6,Pirelli,Mercedes
Lotus,Kimi RAIKKONEN,2013,7,Pirelli,Renault
Lotus,Romain GROSJEAN,2013,8,Pirelli,Renault
Mercedes,Nico ROSBERG,2013,9,Pirelli,Mercedes
Mercedes,Lewis HAMILTON,2013,10,Pirelli,Mercedes
Sauber,Nico HULKENBERG,2013,11,Pirelli,Ferrari
Sauber,Esteban GUTIERREZ,2013,12,Pirelli,Ferrari
Force India,Paul di RESTA,2013,14,Pirelli,Mercedes
Force India,Adrian SUTIL,2013,15,Pirelli,Mercedes
Williams,Pastor MALDONADO,2013,16,Pirelli,Renault
Williams,Valtteri BOTTAS,2013,17,Pirelli,Renault
Toro Rosso,Jean-Éric VERGNE,2013,18,Pirelli,Ferrari
Toro Rosso,Daniel RICCIARDO,2013,19,Pirelli,Ferrari
Caterham,Charles PIC,2013,20,Pirelli,Renault
Caterham,Giedo van der GARDE,2013,21,Pirelli,Renault
Marussia,Jules BIANCHI,2013,22,Pirelli,Cosworth
Marussia,Max CHILTON,2013,23,Pirelli,Cosworth
Caterham,Qing Hua MA *,2013,20,Pirelli,Renault
Caterham,Heikki KOVALAINEN *,2013,21,Pirelli,Renault
Marussia,Rodolfo GONZALEZ *,2013,22,Pirelli,Cosworth
Caterham,Heikki KOVALAINEN *,2013,20,Pirelli,Renault
Marussia,Rodolfo GONZALEZ *,2013,23,Pirelli,Cosworth
Caterham,Alexander ROSSI *,2013,20,Pirelli,Renault
Force India,James CALADO *,2013,15,Pirelli,Mercedes
Force India,James CALADO *,2013,14,Pirelli,Mercedes
Lotus,Heikki KOVALAINEN,2013,7,Pirelli,Renault
Toro Rosso,Daniil KVYAT *,2013,18,Pirelli,Ferrari
Caterham,Alexander ROSSI *,2013,21,Pirelli,Renault
Toro Rosso,Daniil KVYAT *,2013,19,Pirelli,Ferrari
Red Bull,Sebastian VETTEL,2014,1,Pirelli,Renault
Red Bull,Daniel RICCIARDO,2014,3,Pirelli,Renault
Marussia,Max CHILTON,2014,4,Pirelli,Ferrari
Mercedes,Nico ROSBERG,2014,6,Pirelli,Mercedes
Ferrari,Kimi RAIKKONEN,2014,7,Pirelli,Ferrari
Lotus,Romain GROSJEAN,2014,8,Pirelli,Renault
Caterham,Marcus ERICSSON,2014,9,Pirelli,Renault
Caterham,Kamui KOBAYASHI,2014,10,Pirelli,Renault
Force India,Sergio PEREZ,2014,11,Pirelli,Mercedes
Lotus,Pastor MALDONADO,2014,13,Pirelli,Renault
Ferrari,Fernando ALONSO,2014,14,Pirelli,Ferrari
Marussia,Jules BIANCHI,2014,17,Pirelli,Ferrari
Williams,Felipe MASSA,2014,19,Pirelli,Mercedes
McLaren,Kevin MAGNUSSEN,2014,20,Pirelli,Mercedes
Sauber,Esteban GUTIERREZ,2014,21,Pirelli,Ferrari
McLaren,Jenson BUTTON,2014,22,Pirelli,Mercedes
Toro Rosso,Jean-Éric VERGNE,2014,25,Pirelli,Renault
Toro Rosso,Daniil KVYAT,2014,26,Pirelli,Renault
Force India,Nico HULKENBERG,2014,27,Pirelli,Mercedes
Mercedes,Lewis HAMILTON,2014,44,Pirelli,Mercedes
Williams,Valtteri BOTTAS,2014,77,Pirelli,Mercedes
Sauber,Adrian SUTIL,2014,99,Pirelli,Ferrari
Sauber,Giedo van der GARDE *,2014,36,Pirelli,Ferrari
Williams,Felipe NASR *,2014,40,Pirelli,Mercedes
Caterham,Robin FRIJNS *,2014,46,Pirelli,Renault
Caterham,Alexander ROSSI *,2014,45,Pirelli,Renault
Force India,Daniel JUNCADELLA *,2014,34,Pirelli,Mercedes
Williams,Susie WOLFF *,2014,41,Pirelli,Mercedes
Marussia,Alexander ROSSI *,2014,42,Pirelli,Ferrari
Caterham,André LOTTERER,2014,45,Pirelli,Renault
Lotus,Charles PIC *,2014,30,Pirelli,Renault
Caterham,Roberto MERHI *,2014,45,Pirelli,Renault
Toro Rosso,Max VERSTAPPEN *,2014,38,Pirelli,Renault
Sauber,Sergey SIROTKIN *,2014,37,Pirelli,Ferrari
Marussia,Alexander ROSSI,2014,42,Pirelli,Ferrari
Lotus,Esteban OCON *,2014,31,Pirelli,Renault
Sauber,Adderly FONG *,2014,37,Pirelli,Ferrari
Caterham,Will STEVENS,2014,46,Pirelli,Renault
Red Bull,Daniel RICCIARDO,2015,3,Pirelli,Renault
Ferrari,Sebastian VETTEL,2015,5,Pirelli,Ferrari
Mercedes,Nico ROSBERG,2015,6,Pirelli,Mercedes
Ferrari,Kimi RAIKKONEN,2015,7,Pirelli,Ferrari
Lotus,Romain GROSJEAN,2015,8,Pirelli,Mercedes
Sauber,Marcus ERICSSON,2015,9,Pirelli,Ferrari
Force India,Sergio PEREZ,2015,11,Pirelli,Mercedes
Sauber,Felipe NASR,2015,12,Pirelli,Ferrari
Lotus,Pastor MALDONADO,2015,13,Pirelli,Mercedes
Williams,Felipe MASSA,2015,19,Pirelli,Mercedes
McLaren,Kevin MAGNUSSEN,2015,20,Pirelli,Honda
McLaren,Jenson BUTTON,2015,22,Pirelli,Honda
Red Bull,Daniil KVYAT,2015,26,Pirelli,Renault
Force India,Nico HULKENBERG,2015,27,Pirelli,Mercedes
Marussia,Will STEVENS,2015,28,Pirelli,Ferrari
Toro Rosso,Max VERSTAPPEN,2015,33,Pirelli,Renault
Mercedes,Lewis HAMILTON,2015,44,Pirelli,Mercedes
Toro Rosso,Carlos SAINZ,2015,55,Pirelli,Renault
Williams,Valtteri BOTTAS,2015,77,Pirelli,Mercedes
Marussia,Roberto MERHI,2015,98,Pirelli,Ferrari
McLaren,Fernando ALONSO,2015,14,Pirelli,Honda
Sauber,Raffaele MARCIELLO *,2015,36,Pirelli,Ferrari
Lotus,Jolyon PALMER *,2015,30,Pirelli,Mercedes
Williams,Susie WOLFF *,2015,41,Pirelli,Mercedes
Marussia,Fabio LEIMER *,2015,42,Pirelli,Ferrari
Marussia,Alexander ROSSI,2015,53,Pirelli,Ferrari
Red Bull,Daniel RICCIARDO,2016,3,Pirelli,TAG Heuer
Ferrari,Sebastian VETTEL,2016,5,Pirelli,Ferrari
Mercedes,Nico ROSBERG,2016,6,Pirelli,Mercedes
Ferrari,Kimi RAIKKONEN,2016,7,Pirelli,Ferrari
Haas,Romain GROSJEAN,2016,8,Pirelli,Ferrari
Sauber,Marcus ERICSSON,2016,9,Pirelli,Ferrari
Force India,Sergio PEREZ,2016,11,Pirelli,Mercedes
Sauber,Felipe NASR,2016,12,Pirelli,Ferrari
McLaren,Fernando ALONSO,2016,14,Pirelli,Honda
Williams,Felipe MASSA,2016,19,Pirelli,Mercedes
Renault,Kevin MAGNUSSEN,2016,20,Pirelli,Renault
Haas,Esteban GUTIERREZ,2016,21,Pirelli,Ferrari
McLaren,Jenson BUTTON,2016,22,Pirelli,Honda
Red Bull,Daniil KVYAT,2016,26,Pirelli,TAG Heuer
Force India,Nico HULKENBERG,2016,27,Pirelli,Mercedes
Renault,Jolyon PALMER,2016,30,Pirelli,Renault
Toro Rosso,Max VERSTAPPEN,2016,33,Pirelli,Ferrari
Mercedes,Lewis HAMILTON,2016,44,Pirelli,Mercedes
Toro Rosso,Carlos SAINZ,2016,55,Pirelli,Ferrari
Williams,Valtteri BOTTAS,2016,77,Pirelli,Mercedes
Manor,Rio HARYANTO,2016,88,Pirelli,Mercedes
Manor,Pascal WEHRLEIN,2016,94,Pirelli,Mercedes
Force India,Alfonso CELIS *,2016,34,Pirelli,Mercedes
McLaren,Stoffel VANDOORNE,2016,47,Pirelli,Honda
Renault,Sergey SIROTKIN *,2016,46,Pirelli,Renault
Toro Rosso,Daniil KVYAT,2016,26,Pirelli,Ferrari
Red Bull,Max VERSTAPPEN,2016,33,Pirelli,TAG Heuer
Renault,Esteban OCON *,2016,45,Pirelli,Renault
Haas,Charles LECLERC *,2016,50,Pirelli,Ferrari
Manor,Esteban OCON,2016,31,Pirelli,Mercedes
Manor,Jordan KING *,2016,42,Pirelli,Mercedes
McLaren,Stoffel VANDOORNE,2017,2,Pirelli,Honda
Red Bull,Daniel RICCIARDO,2017,3,Pirelli,TAG Heuer
Ferrari,Sebastian VETTEL,2017,5,Pirelli,Ferrari
Ferrari,Kimi RAIKKONEN,2017,7,Pirelli,Ferrari
Haas,Romain GROSJEAN,2017,8,Pirelli,Ferrari
Sauber,Marcus ERICSSON,2017,9,Pirelli,Ferrari
Force India,Sergio PEREZ,2017,11,Pirelli,Mercedes
McLaren,Fernando ALONSO,2017,14,Pirelli,Honda
Williams,Lance STROLL,2017,18,Pirelli,Mercedes
Williams,Felipe MASSA,2017,19,Pirelli,Mercedes
Haas,Kevin MAGNUSSEN,2017,20,Pirelli,Ferrari
Toro Rosso,Daniil KVYAT,2017,26,Pirelli,Renault
Renault,Nico HULKENBERG,2017,27,Pirelli,Renault
Renault,Jolyon PALMER,2017,30,Pirelli,Renault
Force India,Esteban OCON,2017,31,Pirelli,Mercedes
Red Bull,Max VERSTAPPEN,2017,33,Pirelli,TAG Heuer
Sauber,Antonio GIOVINAZZI,2017,36,Pirelli,Ferrari
Mercedes,Lewis HAMILTON,2017,44,Pirelli,Mercedes
Toro Rosso,Carlos SAINZ,2017,55,Pirelli,Renault
Mercedes,Valtteri BOTTAS,2017,77,Pirelli,Mercedes
Sauber,Pascal WEHRLEIN,2017,94,Pirelli,Ferrari
Renault,Sergey SIROTKIN *,2017,46,Pirelli,Renault
McLaren,Jenson BUTTON,2017,22,Pirelli,Honda
Force India,Alfonso CELIS *,2017,34,Pirelli,Mercedes
Haas,Antonio GIOVINAZZI *,2017,50,Pirelli,Ferrari
Williams,Paul di RESTA,2017,40,Pirelli,Mercedes
Toro Rosso,Sean GELAEL *,2017,38,Pirelli,Renault
Toro Rosso,Pierre GASLY,2017,10,Pirelli,Renault
Sauber,Charles LECLERC *,2017,37,Pirelli,Ferrari
Toro Rosso,Brendon HARTLEY,2017,39,Pirelli,Renault
Renault,Carlos SAINZ,2017,55,Pirelli,Renault
Toro Rosso,Brendon HARTLEY,2017,28,Pirelli,Renault
Force India,George RUSSELL *,2017,35,Pirelli,Mercedes
McLaren,Stoffel VANDOORNE,2018,2,Pirelli,Renault
Red Bull,Daniel RICCIARDO,2018,3,Pirelli,TAG Heuer
Ferrari,Sebastian VETTEL,2018,5,Pirelli,Ferrari
Ferrari,Kimi RAIKKONEN,2018,7,Pirelli,Ferrari
Haas,Romain GROSJEAN,2018,8,Pirelli,Ferrari
Sauber,Marcus ERICSSON,2018,9,Pirelli,Ferrari
Toro Rosso,Pierre GASLY,2018,10,Pirelli,Honda
Force India,Sergio PEREZ,2018,11,Pirelli,Mercedes
McLaren,Fernando ALONSO,2018,14,Pirelli,Renault
Sauber,Charles LECLERC,2018,16,Pirelli,Ferrari
Williams,Lance STROLL,2018,18,Pirelli,Mercedes
Haas,Kevin MAGNUSSEN,2018,20,Pirelli,Ferrari
Renault,Nico HULKENBERG,2018,27,Pirelli,Renault
Toro Rosso,Brendon HARTLEY,2018,28,Pirelli,Honda
Force India,Esteban OCON,2018,31,Pirelli,Mercedes
Red Bull,Max VERSTAPPEN,2018,33,Pirelli,TAG Heuer
Williams,Sergey SIROTKIN,2018,35,Pirelli,Mercedes
Mercedes,Lewis HAMILTON,2018,44,Pirelli,Mercedes
Renault,Carlos SAINZ,2018,55,Pirelli,Renault
Mercedes,Valtteri BOTTAS,2018,77,Pirelli,Mercedes
Williams,Robert KUBICA *,2018,40,Pirelli,Mercedes
Force India,Nicholas LATIFI *,2018,34,Pirelli,Mercedes
Sauber,Antonio GIOVINAZZI *,2018,36,Pirelli,Ferrari
McLaren,Lando NORRIS *,2018,47,Pirelli,Renault
Renault,Artem MARKELOV *,2018,46,Pirelli,Renault
Toro Rosso,Sean GELAEL *,2018,38,Pirelli,Honda
Renault,Daniel RICCIARDO,2019,3,Pirelli,Renault
McLaren,Lando NORRIS,2019,4,Pirelli,Renault
Ferrari,Sebastian VETTEL,2019,5,Pirelli,Ferrari
Alfa Romeo,Kimi RAIKKONEN,2019,7,Pirelli,Ferrari
Haas,Romain GROSJEAN,2019,8,Pirelli,Ferrari
Red Bull,Pierre GASLY,2019,10,Pirelli,Honda
Racing Point,Sergio PEREZ,2019,11,Pirelli,BWT Mercedes
Ferrari,Charles LECLERC,2019,16,Pirelli,Ferrari
Racing Point,Lance STROLL,2019,18,Pirelli,BWT Mercedes
Haas,Kevin MAGNUSSEN,2019,20,Pirelli,Ferrari
Toro Rosso,Alexander ALBON,2019,23,Pirelli,Honda
Toro Rosso,Daniil KVYAT,2019,26,Pirelli,Honda
Renault,Nico HULKENBERG,2019,27,Pirelli,Renault
Red Bull,Max VERSTAPPEN,2019,33,Pirelli,Honda
Mercedes,Lewis HAMILTON,2019,44,Pirelli,Mercedes
McLaren,Carlos SAINZ,2019,55,Pirelli,Renault
Williams,George RUSSELL,2019,63,Pirelli,Mercedes
Mercedes,Valtteri BOTTAS,2019,77,Pirelli,Mercedes
Williams,Robert KUBICA,2019,88,Pirelli,Mercedes
Alfa Romeo,Antonio GIOVINAZZI,2019,99,Pirelli,Ferrari
Williams,Nicholas LATIFI *,2019,40,Pirelli,Mercedes
Toro Rosso,Pierre GASLY,2019,10,Pirelli,Honda
Red Bull,Alexander ALBON,2019,23,Pirelli,Honda
Toro Rosso,Naoki YAMAMOTO *,2019,38,Pirelli,Honda
Renault,Daniel RICCIARDO,2020,3,Pirelli,Renault
McLaren,Lando NORRIS,2020,4,Pirelli,Renault
Ferrari,Sebastian VETTEL,2020,5,Pirelli,Ferrari
Williams,Nicholas LATIFI,2020,6,Pirelli,Mercedes
Alfa Romeo,Kimi RAIKKONEN,2020,7,Pirelli,Ferrari
Haas,Romain GROSJEAN,2020,8,Pirelli,Ferrari
AlphaTauri,Pierre GASLY,2020,10,Pirelli,Honda
Racing Point,Sergio PEREZ,2020,11,Pirelli,BWT Mercedes
Ferrari,Charles LECLERC,2020,16,Pirelli,Ferrari
Racing Point,Lance STROLL,2020,18,Pirelli,BWT Mercedes
Haas,Kevin MAGNUSSEN,2020,20,Pirelli,Ferrari
Red Bull,Alexander ALBON,2020,23,Pirelli,Honda
AlphaTauri,Daniil KVYAT,2020,26,Pirelli,Honda
Renault,Esteban OCON,2020,31,Pirelli,Renault
Red Bull,Max VERSTAPPEN,2020,33,Pirelli,Honda
Mercedes,Lewis HAMILTON,2020,44,Pirelli,Mercedes
McLaren,Carlos SAINZ,2020,55,Pirelli,Renault
Williams,George RUSSELL,2020,63,Pirelli,Mercedes
Mercedes,Valtteri BOTTAS,2020,77,Pirelli,Mercedes
Alfa Romeo,Antonio GIOVINAZZI,2020,99,Pirelli,Ferrari
Williams,Jack AITKEN *,2020,40,Pirelli,Mercedes
Alfa Romeo,Robert KUBICA *,2020,88,Pirelli,Ferrari
Racing Point,Nico HULKENBERG,2020,27,Pirelli,BWT Mercedes
Williams,Roy NISSANY *,2020,40,Pirelli,Mercedes
Alfa Romeo,Mick SCHUMACHER *,2020,37,Pirelli,Ferrari
Haas,Callum ILOTT *,2020,50,Pirelli,Ferrari
Haas,Pietro FITTIPALDI,2020,51,Pirelli,Ferrari
Mercedes,George RUSSELL,2020,63,Pirelli,Mercedes
Williams,Jack AITKEN,2020,89,Pirelli,Mercedes
Haas,Mick SCHUMACHER *,2020,50,Pirelli,Ferrari
McLaren,Daniel RICCIARDO,2021,3,Pirelli,Mercedes
McLaren,Lando NORRIS,2021,4,Pirelli,Mercedes
Aston Martin,Sebastian VETTEL,2021,5,Pirelli,Mercedes
Williams,Nicholas LATIFI,2021,6,Pirelli,Mercedes
Alfa Romeo,Kimi RAIKKONEN,2021,7,Pirelli,Ferrari
Haas,Nikita MAZEPIN,2021,9,Pirelli,Ferrari
AlphaTauri,Pierre GASLY,2021,10,Pirelli,Honda
Red Bull,Sergio PEREZ,2021,11,Pirelli,Honda
Alpine,Fernando ALONSO,2021,14,Pirelli,Renault
Ferrari,Charles LECLERC,2021,16,Pirelli,Ferrari
Aston Martin,Lance STROLL,2021,18,Pirelli,Mercedes
AlphaTauri,Yuki TSUNODA,2021,22,Pirelli,Honda
Alpine,Esteban OCON,2021,31,Pirelli,Renault
Red Bull,Max VERSTAPPEN,2021,33,Pirelli,Honda
Mercedes,Lewis HAMILTON,2021,44,Pirelli,Mercedes
Haas,Mick SCHUMACHER,2021,47,Pirelli,Ferrari
Ferrari,Carlos SAINZ,2021,55,Pirelli,Ferrari
Williams,George RUSSELL,2021,63,Pirelli,Mercedes
Mercedes,Valtteri BOTTAS,2021,77,Pirelli,Mercedes
Alfa Romeo,Antonio GIOVINAZZI,2021,99,Pirelli,Ferrari
Alfa Romeo,Callum ILOTT *,2021,98,Pirelli,Ferrari
Williams,Roy NISSANY *,2021,45,Pirelli,Mercedes
Alfa Romeo,Robert KUBICA *,2021,88,Pirelli,Ferrari
Alpine,Guanyu ZHOU *,2021,37,Pirelli,Renault
Alfa Romeo,Robert KUBICA,2021,88,Pirelli,Ferrari
Williams,Jack AITKEN *,2021,89,Pirelli,Mercedes
Red Bull,Max VERSTAPPEN,2022,1,Pirelli,RBPT
McLaren,Daniel RICCIARDO,2022,3,Pirelli,Mercedes
McLaren,Lando NORRIS,2022,4,Pirelli,Mercedes
Aston Martin,Sebastian VETTEL,2022,5,Pirelli,Mercedes
Williams,Nicholas LATIFI,2022,6,Pirelli,Mercedes
AlphaTauri,Pierre GASLY,2022,10,Pirelli,RBPT
Red Bull,Sergio PEREZ,2022,11,Pirelli,RBPT
Alpine,Fernando ALONSO,2022,14,Pirelli,Renault
Ferrari,Charles LECLERC,2022,16,Pirelli,Ferrari
Aston Martin,Lance STROLL,2022,18,Pirelli,Mercedes
Haas,Kevin MAGNUSSEN,2022,20,Pirelli,Ferrari
AlphaTauri,Yuki TSUNODA,2022,22,Pirelli,RBPT
Williams,Alexander ALBON,2022,23,Pirelli,Mercedes
Alfa Romeo,Guanyu ZHOU,2022,24,Pirelli,Ferrari
Aston Martin,Nico HULKENBERG,2022,27,Pirelli,Mercedes
Alpine,Esteban OCON,2022,31,Pirelli,Renault
Mercedes,Lewis HAMILTON,2022,44,Pirelli,Mercedes
Haas,Mick SCHUMACHER,2022,47,Pirelli,Ferrari
Ferrari,Carlos SAINZ,2022,55,Pirelli,Ferrari
Mercedes,George RUSSELL,2022,63,Pirelli,Mercedes
Alfa Romeo,Valtteri BOTTAS,2022,77,Pirelli,Ferrari
Red Bull,Jüri VIPS *,2022,36,Pirelli,RBPT
Williams,Nyck de VRIES *,2022,45,Pirelli,Mercedes
Alfa Romeo,Robert KUBICA *,2022,88,Pirelli,Ferrari
Mercedes,Nyck de VRIES *,2022,19,Pirelli,Mercedes
AlphaTauri,Liam LAWSON *,2022,40,Pirelli,RBPT
Aston Martin,Nyck de VRIES *,2022,34,Pirelli,Mercedes
Williams,Nyck de VRIES,2022,45,Pirelli,Mercedes
Haas,Antonio GIOVINAZZI *,2022,99,Pirelli,Ferrari
McLaren,Álex PALOU *,2022,28,Pirelli,Mercedes
Ferrari,Robert SHWARTZMAN *,2022,39,Pirelli,Ferrari
Williams,Logan SARGEANT *,2022,45,Pirelli,Mercedes
Alfa Romeo,Théo POURCHAIRE *,2022,98,Pirelli,Ferrari
Haas,Pietro FITTIPALDI *,2022,51,Pirelli,Ferrari
Alpine,Jack DOOHAN *,2022,82,Pirelli,Renault
McLaren,Patricio O'WARD *,2022,28,Pirelli,Mercedes
Aston Martin,Felipe DRUGOVICH *,2022,34,Pirelli,Mercedes
Red Bull,Liam LAWSON *,2022,36,Pirelli,RBPT
Red Bull,Max VERSTAPPEN,2023,1,Pirelli,Honda RBPT
Williams,Logan SARGEANT,2023,2,Pirelli,Mercedes
McLaren,Lando NORRIS,2023,4,Pirelli,Mercedes
Alpine,Pierre GASLY,2023,10,Pirelli,Renault
Red Bull,Sergio PEREZ,2023,11,Pirelli,Honda RBPT
Aston Martin,Fernando ALONSO,2023,14,Pirelli,Mercedes
Ferrari,Charles LECLERC,2023,16,Pirelli,Ferrari
Aston Martin,Lance STROLL,2023,18,Pirelli,Mercedes
Haas,Kevin MAGNUSSEN,2023,20,Pirelli,Ferrari
AlphaTauri,Nyck de VRIES,2023,21,Pirelli,Honda RBPT
AlphaTauri,Yuki TSUNODA,2023,22,Pirelli,Honda RBPT
Williams,Alexander ALBON,2023,23,Pirelli,Mercedes
Alfa Romeo,Guanyu ZHOU,2023,24,Pirelli,Ferrari
Haas,Nico HULKENBERG,2023,27,Pirelli,Ferrari
Alpine,Esteban OCON,2023,31,Pirelli,Renault
Mercedes,Lewis HAMILTON,2023,44,Pirelli,Mercedes
Ferrari,Carlos SAINZ,2023,55,Pirelli,Ferrari
Mercedes,George RUSSELL,2023,63,Pirelli,Mercedes
Alfa Romeo,Valtteri BOTTAS,2023,77,Pirelli,Ferrari
McLaren,Oscar PIASTRI,2023,81,Pirelli,Mercedes
AlphaTauri,Daniel RICCIARDO,2023,3,Pirelli,Honda RBPT
Ferrari,Robert SHWARTZMAN *,2023,39,Pirelli,Ferrari
AlphaTauri,Liam LAWSON,2023,40,Pirelli,Honda RBPT
Aston Martin,Felipe DRUGOVICH *,2023,34,Pirelli,Mercedes
AlphaTauri,Isack HADJAR *,2023,41,Pirelli,Honda RBPT
Mercedes,Frederik VESTI *,2023,42,Pirelli,Mercedes
Haas,Oliver BEARMAN *,2023,50,Pirelli,Ferrari
Alpine,Jack DOOHAN *,2023,61,Pirelli,Renault
Alfa Romeo,Théo POURCHAIRE *,2023,98,Pirelli,Ferrari
McLaren,Patricio O'WARD *,2023,29,Pirelli,Mercedes
Red Bull,Jake DENNIS *,2023,36,Pirelli,Honda RBPT
Red Bull,Isack HADJAR *,2023,37,Pirelli,Honda RBPT
Williams,Zak O'SULLIVAN *,2023,45,Pirelli,Mercedes
Red Bull,Max VERSTAPPEN,2024,1,Pirelli,Honda RBPT
Williams,Logan SARGEANT,2024,2,Pirelli,Mercedes
RB,Daniel RICCIARDO,2024,3,Pirelli,Honda RBPT
McLaren,Lando NORRIS,2024,4,Pirelli,Mercedes
Alpine,Pierre GASLY,2024,10,Pirelli,Renault
Red Bull,Sergio PEREZ,2024,11,Pirelli,Honda RBPT
Aston Martin,Fernando ALONSO,2024,14,Pirelli,Mercedes
Ferrari,Charles LECLERC,2024,16,Pirelli,Ferrari
Aston Martin,Lance STROLL,2024,18,Pirelli,Mercedes
Haas,Kevin MAGNUSSEN,2024,20,Pirelli,Ferrari
RB,Yuki TSUNODA,2024,22,Pirelli,Honda RBPT
Williams,Alexander ALBON,2024,23,Pirelli,Mercedes
Kick Sauber,Guanyu ZHOU,2024,24,Pirelli,Ferrari
Haas,Nico HULKENBERG,2024,27,Pirelli,Ferrari
Alpine,Esteban OCON,2024,31,Pirelli,Renault
Mercedes,Lewis HAMILTON,2024,44,Pirelli,Mercedes
Ferrari,Carlos SAINZ,2024,55,Pirelli,Ferrari
Mercedes,George RUSSELL,2024,63,Pirelli,Mercedes
Kick Sauber,Valtteri BOTTAS,2024,77,Pirelli,Ferrari
McLaren,Oscar PIASTRI,2024,81,Pirelli,Mercedes
Ferrari,Oliver BEARMAN,2024,38,Pirelli,Ferrari
RB,Ayumu IWASA *,2024,40,Pirelli,Honda RBPT
Haas,Oliver BEARMAN *,2024,50,Pirelli,Ferrari
Alpine,Jack DOOHAN *,2024,61,Pirelli,Renault
Red Bull,Isack HADJAR *,2024,37,Pirelli,Honda RBPT
Williams,Franco COLAPINTO *,2024,45,Pirelli,Mercedes
Kick Sauber,Robert SHWARTZMAN *,2024,97,Pirelli,Ferrari
Mercedes,Kimi ANTONELLI *,2024,12,Pirelli,Mercedes
Williams,Franco COLAPINTO,2024,43,Pirelli,Mercedes
Haas,Oliver BEARMAN,2024,50,Pirelli,Ferrari
RB,Liam LAWSON,2024,30,Pirelli,Honda RBPT
McLaren,Patricio O'WARD *,2024,29,Pirelli,Mercedes
Aston Martin,Felipe DRUGOVICH *,2024,34,Pirelli,Mercedes
Ferrari,Oliver BEARMAN *,2024,38,Pirelli,Ferrari
McLaren,Ryo HIRAKAWA *,2024,28,Pirelli,Mercedes
Ferrari,Arthur LECLERC *,2024,39,Pirelli,Ferrari
Williams,Luke BROWNING *,2024,46,Pirelli,Mercedes
Alpine,Jack DOOHAN,2024,61,Pirelli,Renault
Red Bull,Max VERSTAPPEN,2025,1,Pirelli,Honda RBPT
McLaren,Lando NORRIS,2025,4,Pirelli,Mercedes
Kick Sauber,Gabriel BORTOLETO,2025,5,Pirelli,Ferrari
Racing Bulls,Isack HADJAR,2025,6,Pirelli,Honda RBPT
Alpine,Jack DOOHAN,2025,7,Pirelli,Renault
Alpine,Pierre GASLY,2025,10,Pirelli,Renault
Mercedes,Kimi ANTONELLI,2025,12,Pirelli,Mercedes
Aston Martin,Fernando ALONSO,2025,14,Pirelli,Mercedes
Ferrari,Charles LECLERC,2025,16,Pirelli,Ferrari
Aston Martin,Lance STROLL,2025,18,Pirelli,Mercedes
Racing Bulls,Yuki TSUNODA,2025,22,Pirelli,Honda RBPT
Williams,Alexander ALBON,2025,23,Pirelli,Mercedes
Kick Sauber,Nico HULKENBERG,2025,27,Pirelli,Ferrari
Red Bull,Liam LAWSON,2025,30,Pirelli,Honda RBPT
Haas,Esteban OCON,2025,31,Pirelli,Ferrari
Ferrari,Lewis HAMILTON,2025,44,Pirelli,Ferrari
Williams,Carlos SAINZ,2025,55,Pirelli,Mercedes
Mercedes,George RUSSELL,2025,63,Pirelli,Mercedes
McLaren,Oscar PIASTRI,2025,81,Pirelli,Mercedes
Haas,Oliver BEARMAN,2025,87,Pirelli,Ferrari
Red Bull,Yuki TSUNODA,2025,22,Pirelli,Honda RBPT
Racing Bulls,Liam LAWSON,2025,30,Pirelli,Honda RBPT
Alpine,Ryo HIRAKAWA *,2025,62,Pirelli,Renault
Aston Martin,Felipe DRUGOVICH *,2025,34,Pirelli,Mercedes
Red Bull,Ayumu IWASA *,2025,37,Pirelli,Honda RBPT
Ferrari,Dino BEGANOVIC *,2025,38,Pirelli,Ferrari
Williams,Luke BROWNING *,2025,46,Pirelli,Mercedes
Haas,Ryo HIRAKAWA *,2025,50,Pirelli,Ferrari
Mercedes,Frederik VESTI *,2025,72,Pirelli,Mercedes
Alpine,Franco COLAPINTO,2025,43,Pirelli,Renault
Williams,Victor MARTINS *,2025,45,Pirelli,Mercedes
McLaren,Alex DUNNE *,2025,89,Pirelli,Mercedes
Red Bull,Arvid LINDBLAD *,2025,36,Pirelli,Honda RBPT
Kick Sauber,Paul ARON *,2025,97,Pirelli,Ferrari
Alpine,Paul ARON *,2025,61,Pirelli,Renault
Aston Martin,Jak CRAWFORD *,2025,35,Pirelli,Mercedes
Ferrari,Antonio FUOCO *,2025,38,Pirelli,Ferrari
Racing Bulls,Ayumu IWASA *,2025,40,Pirelli,Honda RBPT
McLaren,Patricio O'WARD *,2025,89,Pirelli,Mercedes
Aston Martin,Cian SHIELDS *,2025,34,Pirelli,Mercedes
Ferrari,Arthur LECLERC *,2025,39,Pirelli,Ferrari
McLaren,Lando NORRIS,2026,1,Pirelli,Mercedes
Red Bull,Max VERSTAPPEN,2026,3,Pirelli,Red Bull Ford
Audi,Gabriel BORTOLETO,2026,5,Pirelli,Audi
Red Bull,Isack HADJAR,2026,6,Pirelli,Red Bull Ford
Alpine,Pierre GASLY,2026,10,Pirelli,Mercedes
Cadillac,Sergio PEREZ,2026,11,Pirelli,Ferrari
Mercedes,Kimi ANTONELLI,2026,12,Pirelli,Mercedes
Aston Martin,Fernando ALONSO,2026,14,Pirelli,Honda
Ferrari,Charles LECLERC,2026,16,Pirelli,Ferrari
Aston Martin,Lance STROLL,2026,18,Pirelli,Honda
Williams,Alexander ALBON,2026,23,Pirelli,Mercedes
Audi,Nico HULKENBERG,2026,27,Pirelli,Audi
Racing Bulls,Liam LAWSON,2026,30,Pirelli,Red Bull Ford
Haas,Esteban OCON,2026,31,Pirelli,Ferrari
Racing Bulls,Arvid LINDBLAD,2026,41,Pirelli,Red Bull Ford
Alpine,Franco COLAPINTO,2026,43,Pirelli,Mercedes
Ferrari,Lewis HAMILTON,2026,44,Pirelli,Ferrari
Williams,Carlos SAINZ,2026,55,Pirelli,Mercedes
Mercedes,George RUSSELL,2026,63,Pirelli,Mercedes
Cadillac,Valtteri BOTTAS,2026,77,Pirelli,Ferrari
McLaren,Oscar PIASTRI,2026,81,Pirelli,Mercedes
Haas,Oliver BEARMAN,2026,87,Pirelli,Ferrari
